Fanpage,Likes,Comments,Shares,Thích,Thả tim,Wow,Haha,Buồn,Phẩn nộ,Thương thương,Độ dài bài đăng,Sentiment,Chủ đề,Độ dài hình ảnh,Sentiment Ảnh,Chủ đề ảnh,Timing
NG,5672,34,24,5357,7,0,250,51,5,2,144,negative,vi_tinh,263,negative,doi_song,20:00
NG,9714,375,132,4976,14,9,3881,820,1,13,39,negative,vi_tinh,31,negative,chinh_tri_xa_hoi,15:30
NG,4577,107,106,3395,9,6,1010,153,0,4,49,negative,vi_tinh,138,negative,vi_tinh,14:30
NG,3314,330,95,1737,3,3,1322,242,0,7,107,negative,vi_tinh,48,negative,phap_luat,13:30
NG,2912,90,12,2107,3,2,668,128,2,2,120,negative,chinh_tri_xa_hoi,,,,13:00
NG,9595,279,1013,5931,15,7,2649,983,1,9,35,negative,doi_song,0,,,12:00
NG,15384,3212,770,8902,40,27,4132,2177,77,29,510,negative,vi_tinh,,,,10:30
NG,4271,258,80,2162,4,4,1692,404,0,5,88,negative,vi_tinh,74,negative,chinh_tri_xa_hoi,9:30
NG,10431,663,185,5271,12,24,4039,1053,10,22,43,negative,doi_song,131,negative,doi_song,9:00
NG,4036,93,59,2630,6,3,1102,285,1,9,169,negative,doi_song,,,,8:30
NG,19177,1539,445,7359,9,13,10853,915,3,25,75,negative,vi_tinh,339,positive,vi_tinh,21:30
NG,16824,8491,628,13864,86,17,2185,608,15,49,42,negative,chinh_tri_xa_hoi,,,,21:30
NG,2202,61,83,1991,130,41,26,5,0,9,563,negative,vi_tinh,0,,,21:00
NG,738,28,11,653,6,1,63,14,0,1,873,negative,van_hoa,,,,20:30
NG,3788,207,52,2263,9,2,1288,209,1,16,42,positive,doi_song,0,,,20:00
NG,21838,3093,639,8113,26,30,11746,1890,2,31,45,negative,doi_song,0,,,16:30
NG,25587,514,1277,12554,27,22,11732,1223,3,26,14,negative,vi_tinh,253,negative,vi_tinh,11:00
NG,33510,4452,1969,17389,81,36,14455,1472,15,62,52,positive,chinh_tri_xa_hoi,0,,,10:30
NG,21270,3474,263,17934,39,28,2674,557,3,35,57,negative,the_thao,,,,22:30
NG,2155,147,24,1569,2,0,532,47,0,5,214,negative,vi_tinh,119,negative,vi_tinh,22:00
NG,1624,11,8,1480,110,1,8,1,0,24,1277,negative,vi_tinh,79,positive,chinh_tri_xa_hoi,21:00
NG,2525,141,35,1901,7,3,475,132,2,5,284,negative,vi_tinh,55,negative,doi_song,20:30
NG,35661,3198,4216,23064,187,32,7646,4657,4,71,24,negative,chinh_tri_xa_hoi,24,negative,chinh_tri_xa_hoi,18:30
NG,12580,1377,860,4542,66,40,6551,1177,138,66,37,positive,doi_song,,,,18:00
NG,9993,1156,1910,4432,43,3,5041,450,0,24,68,negative,doi_song,369,positive,vi_tinh,14:30
NG,8676,649,194,5161,16,20,2503,955,12,9,4,positive,chinh_tri_xa_hoi,72,negative,doi_song,13:30
NG,7292,125,265,4911,9,2,1913,450,0,7,124,negative,chinh_tri_xa_hoi,,,,13:00
NG,5973,76,87,1934,16,16,3566,400,17,24,24,negative,doi_song,,,,12:30
NG,20597,948,702,14232,25,15,4475,1824,1,25,12,negative,the_gioi,166,negative,vi_tinh,12:00
NG,23959,983,594,19576,865,9,3146,194,0,169,3,positive,chinh_tri_xa_hoi,243,negative,vi_tinh,11:30
NG,9934,246,194,5764,11,3,3467,671,3,15,19,negative,chinh_tri_xa_hoi,152,negative,van_hoa,11:30
NG,5413,115,45,3579,11,2,1578,94,139,10,53,negative,vi_tinh,50,negative,doi_song,11:00
NG,8700,538,183,5848,43,18,2047,724,2,18,2,,_,350,negative,doi_song,10:30
NG,31132,573,132,18109,43,22,11803,1103,3,49,65,negative,chinh_tri_xa_hoi,0,,,10:30
NG,25062,2493,1090,15904,43,29,5336,3675,33,42,30,positive,vi_tinh,19,positive,vi_tinh,9:30
NG,1398,44,14,1054,1,1,290,49,0,3,46,negative,suc_khoe,62,positive,vi_tinh,9:00
NG,5065,404,150,3067,6,6,1486,491,1,8,1230,negative,chinh_tri_xa_hoi,,,,9:00
NG,3240,17,35,2477,6,2,579,171,0,5,31,positive,vi_tinh,69,negative,vi_tinh,8:30
NG,7200,441,373,4482,11,1,1873,820,2,11,17,negative,doi_song,78,negative,the_gioi,23:00
NG,4780,161,64,3830,10,3,574,347,1,15,126,negative,khoa_hoc,,,,23:00
NG,1252,87,24,909,59,2,250,19,3,10,61,positive,doi_song,,,,22:30
NG,1759,51,8,1196,6,0,412,141,1,3,529,negative,doi_song,389,negative,doi_song,22:00
NG,794,22,28,681,10,2,73,26,0,2,247,negative,doi_song,,,,20:30
NG,1825,29,29,1574,141,4,91,4,0,11,981,negative,doi_song,0,,,20:00
NG,3119,96,8,2279,5,8,732,92,0,3,143,negative,doi_song,,,,19:30
NG,5364,89,75,3477,6,12,1507,353,2,7,70,negative,doi_song,53,positive,vi_tinh,16:30
NG,8881,299,130,5953,17,8,2530,358,1,14,115,negative,vi_tinh,,,,16:30
NG,3322,196,37,2401,6,3,718,190,1,3,120,negative,doi_song,,,,16:00
NG,30548,2733,556,21060,64,33,7729,1615,1,46,48,negative,chinh_tri_xa_hoi,,,,15:00
NG,11414,179,77,7010,11,4,3950,423,0,16,75,negative,doi_song,243,negative,chinh_tri_xa_hoi,14:30
NG,9595,576,642,5992,11,3,2355,1225,1,8,65,negative,chinh_tri_xa_hoi,44,positive,doi_song,12:30
NG,4465,167,74,3001,7,2,1246,201,2,6,25,negative,suc_khoe,311,negative,vi_tinh,11:00
NG,3742,252,227,2401,10,5,918,399,1,8,1,,_,,,,10:30
NG,3746,189,103,2574,64,5,1013,49,3,38,15,positive,chinh_tri_xa_hoi,,,,10:00
NG,7426,183,49,5409,22,2,1706,259,9,19,43,negative,chinh_tri_xa_hoi,,,,9:30
NG,11134,938,206,6800,54,17,3503,697,8,55,149,negative,chinh_tri_xa_hoi,,,,8:30
NG,5517,189,50,3388,9,6,1904,204,0,6,53,negative,doi_song,72,negative,doi_song,8:30
NG,39580,2474,2607,22510,58,25,13327,3534,70,56,54,negative,doi_song,0,,,20:30
NG,7875,829,149,6102,13,13,1589,145,0,13,60,positive,doi_song,,,,15:30
NG,5989,551,770,2572,10,9,2872,520,1,5,73,negative,vi_tinh,,,,13:30
NG,10786,223,200,5686,6,9,4131,944,2,8,19,positive,van_hoa,198,negative,vi_tinh,12:00
NG,37103,1535,717,20204,196,49,15592,919,5,138,65,positive,chinh_tri_xa_hoi,230,negative,chinh_tri_xa_hoi,11:30
NG,5234,36,52,3906,9,1,1153,154,0,11,16,negative,doi_song,111,positive,doi_song,11:30
NG,9516,227,110,6322,17,8,2833,321,0,15,154,negative,vi_tinh,,,,11:00
NG,32687,596,421,18973,39,29,11724,1877,1,44,37,negative,van_hoa,163,negative,vi_tinh,11:00
NG,2162,127,26,1966,59,16,112,4,0,5,558,negative,vi_tinh,0,,,10:30
NG,2763,98,64,1661,3,3,978,115,0,3,45,negative,chinh_tri_xa_hoi,438,negative,vi_tinh,10:30
NG,6286,215,45,4411,9,4,1627,221,2,12,26,negative,van_hoa,41,negative,vi_tinh,10:30
NG,24579,1693,1023,16375,36,10,5370,2748,8,32,55,negative,chinh_tri_xa_hoi,,,,2:00
NG,3221,125,26,2069,7,4,888,243,3,7,75,negative,doi_song,53,negative,vi_tinh,0:00
NG,5478,356,33,3609,7,9,1687,155,1,10,31,negative,the_gioi,,,,23:30
NG,1141,15,1,810,10,0,276,34,0,11,907,negative,vi_tinh,45,negative,chinh_tri_xa_hoi,22:30
NG,7390,84,74,5855,22,3,1126,365,0,19,925,negative,vi_tinh,,,,20:00
NG,7187,853,125,4335,18,7,2286,518,1,22,11,negative,vi_tinh,152,negative,chinh_tri_xa_hoi,13:30
NG,20761,3050,504,14755,63,18,5192,694,0,39,59,negative,doi_song,,,,12:30
NG,37368,1286,991,20326,63,38,14714,2158,0,69,96,negative,van_hoa,35,positive,doi_song,12:00
NG,6705,184,122,4515,10,3,1597,563,0,17,65,negative,doi_song,236,positive,vi_tinh,10:30
NG,6473,463,447,2835,25,7,2995,579,0,32,174,negative,van_hoa,,,,10:30
NG,5189,127,173,3565,8,3,925,669,0,19,67,negative,doi_song,53,negative,doi_song,10:00
NG,33709,2365,2078,14558,84,19,17095,1886,6,61,40,negative,doi_song,,,,8:00
NG,9243,392,339,7159,31,3,1219,798,23,10,13,negative,vi_tinh,,,,23:00
NG,12321,1995,434,9577,60,19,1653,915,28,69,29,negative,chinh_tri_xa_hoi,,,,22:30
NG,1538,18,9,1222,5,2,235,72,0,2,210,negative,doi_song,,,,20:00
NG,1012,85,11,839,8,0,115,47,0,3,457,negative,vi_tinh,,,,19:30
NG,26991,2741,418,11294,37,37,14402,1180,4,37,41,negative,doi_song,56,positive,vi_tinh,18:30
NG,4690,89,44,2854,9,1,1449,362,0,15,3,positive,vi_tinh,112,negative,doi_song,18:30
NG,25699,985,335,14399,35,23,10067,1119,2,54,30,negative,chinh_tri_xa_hoi,312,negative,doi_song,15:30
NG,5744,45,100,4309,9,6,1152,257,0,11,4,,_,103,negative,vi_tinh,15:00
NG,11192,739,1153,7450,11,5,1601,2105,3,17,12,negative,suc_khoe,89,negative,vi_tinh,12:00
NG,6670,201,85,4384,17,4,1898,348,3,16,3,negative,chinh_tri_xa_hoi,73,negative,van_hoa,11:30
NG,10050,454,516,7069,59,8,2239,647,0,28,46,negative,doi_song,0,,,11:30
NG,1908,8,49,1381,3,2,410,107,0,5,193,negative,vi_tinh,,,,11:30
NG,0,0,0,0,0,0,0,0,0,0,66,negative,vi_tinh,,,,00:00
NG,7908,371,225,4995,18,5,2463,403,5,19,30,negative,chinh_tri_xa_hoi,182,negative,van_hoa,9:30
NG,32264,2976,1236,21093,167,30,9993,867,2,112,69,negative,doi_song,,,,9:00
NG,25381,670,593,17207,206,45,7197,619,2,105,23,negative,vi_tinh,16,positive,doi_song,8:30
NG,6500,887,325,4192,19,4,1990,275,3,17,4,positive,chinh_tri_xa_hoi,107,negative,chinh_tri_xa_hoi,0:30
NG,9558,699,344,5941,17,5,2498,1086,2,9,4,negative,chinh_tri_xa_hoi,49,negative,van_hoa,21:00
NG,4797,263,98,2898,18,11,1403,444,7,16,27,positive,vi_tinh,56,positive,vi_tinh,18:30
NG,13828,1403,723,7689,17,83,5319,697,1,22,65,negative,chinh_tri_xa_hoi,0,,,18:30
NG,8512,291,3111,5902,28,5,859,1698,1,19,24,negative,vi_tinh,24,negative,chinh_tri_xa_hoi,17:30
NG,15333,3768,497,10611,19,22,3786,864,7,24,30,positive,doi_song,57,negative,vi_tinh,17:30
NG,3927,59,19,3125,20,2,604,170,0,6,56,positive,suc_khoe,90,positive,vi_tinh,16:00
NG,14584,421,220,6515,18,13,7262,736,1,39,29,positive,vi_tinh,0,,,15:30
NG,7760,305,119,4595,7,16,2471,648,8,15,11,positive,doi_song,74,negative,vi_tinh,13:00
NG,4683,125,58,3209,9,1,1229,223,4,8,33,negative,vi_tinh,33,positive,vi_tinh,13:00
NG,9479,227,217,6616,31,2,2386,429,0,15,33,positive,doi_song,246,negative,vi_tinh,12:30
NG,5203,147,140,3583,145,3,1354,51,0,67,253,negative,doi_song,,,,12:00
NG,3212,737,236,1955,11,2,960,266,8,10,57,negative,doi_song,0,,,12:00
NG,9116,278,98,5436,13,18,3003,635,1,10,54,positive,doi_song,198,negative,doi_song,11:30
NG,23633,1289,844,13733,37,12,8941,853,1,56,155,negative,van_hoa,168,negative,vi_tinh,11:30
NG,7157,1471,181,5144,18,14,1550,409,3,19,117,negative,doi_song,130,negative,van_hoa,11:30
NG,9300,1631,121,5820,10,0,3033,419,2,16,73,negative,doi_song,62,negative,vi_tinh,11:00
NG,5547,208,58,3374,9,4,1767,381,2,10,35,negative,doi_song,71,negative,doi_song,10:30
NG,43613,2468,1017,17822,39,52,23287,2324,12,77,60,negative,chinh_tri_xa_hoi,299,negative,suc_khoe,10:30
NG,4953,141,38,3490,11,3,1153,289,0,7,106,negative,vi_tinh,,,,10:30
NG,5603,188,83,3470,6,3,1778,343,0,3,110,negative,vi_tinh,,,,9:30
NG,9330,250,57,5222,8,11,3526,536,1,26,8,negative,chinh_tri_xa_hoi,80,negative,vi_tinh,9:00
NG,5158,695,60,3011,12,14,1614,486,9,12,73,positive,doi_song,131,negative,doi_song,8:30
NG,31568,727,430,17732,23,41,11623,2105,1,43,14,positive,vi_tinh,74,negative,chinh_tri_xa_hoi,8:30
NG,11710,689,164,7344,17,11,3682,634,4,18,18,negative,the_thao,55,negative,doi_song,8:30
NG,3615,93,76,2538,45,1,764,252,0,15,119,positive,vi_tinh,,,,23:30
NG,2488,266,40,1482,28,1,871,95,4,7,378,negative,chinh_tri_xa_hoi,103,positive,doi_song,22:30
NG,1886,24,79,1417,292,2,124,5,0,46,138,negative,vi_tinh,,,,20:00
NG,20380,5016,2667,9129,34,34,7357,2836,939,51,72,negative,doi_song,0,,,19:30
NG,6756,512,141,3429,17,8,2768,515,3,16,4,,_,159,negative,doi_song,19:30
NG,33475,857,401,17135,42,88,14641,1499,4,66,21,negative,chinh_tri_xa_hoi,183,negative,doi_song,17:30
NG,6006,426,141,3022,9,2,2712,239,1,21,60,negative,doi_song,21,positive,doi_song,17:30
NG,27053,950,1475,17578,1213,54,7785,178,0,245,82,negative,vi_tinh,138,negative,chinh_tri_xa_hoi,16:30
NG,2421,110,0,0,0,0,0,0,0,0,38,negative,chinh_tri_xa_hoi,195,negative,vi_tinh,16:30
NG,6838,186,53,4781,8,4,1754,274,1,16,60,negative,doi_song,,,,15:30
NG,11676,1197,296,6827,30,30,2941,1755,54,39,81,negative,doi_song,0,,,15:30
NG,7815,389,55,6399,12,6,1199,182,1,16,178,negative,chinh_tri_xa_hoi,,,,14:30
NG,3209,59,691,2258,5,0,690,243,0,13,20,negative,the_thao,130,negative,vi_tinh,13:30
NG,4591,178,66,3117,12,4,1219,229,1,9,58,negative,chinh_tri_xa_hoi,119,negative,doi_song,12:30
NG,29078,3932,864,12851,35,34,14194,1882,12,70,108,negative,vi_tinh,94,positive,the_thao,12:30
NG,6479,306,67,3572,13,7,2520,343,1,23,28,positive,doi_song,248,negative,vi_tinh,11:30
NG,4239,160,69,2967,13,2,1028,206,2,21,32,negative,chinh_tri_xa_hoi,80,positive,chinh_tri_xa_hoi,11:30
NG,30324,2920,991,17365,36,23,10181,2643,11,65,42,negative,van_hoa,90,negative,doi_song,11:30
NG,4572,237,91,2916,14,2,1408,211,1,20,22,negative,chinh_tri_xa_hoi,101,negative,doi_song,11:00
NG,23758,1503,909,12561,30,12,10164,937,1,53,79,negative,the_thao,101,negative,chinh_tri_xa_hoi,10:30
NG,4448,431,83,2992,16,2,1183,222,3,30,11,negative,doi_song,41,negative,doi_song,10:00
NG,24569,1760,1455,18670,204,11,5082,527,3,72,78,negative,van_hoa,,,,18:30
NG,28155,1889,381,16064,36,21,10612,1368,8,46,67,negative,doi_song,118,negative,doi_song,18:30
NG,9808,470,111,7098,36,10,2303,346,3,12,84,negative,the_thao,,,,17:30
NG,10245,474,204,7486,39,11,1909,772,10,18,118,negative,chinh_tri_xa_hoi,,,,17:30
NG,4427,150,24,3149,9,5,1135,119,0,10,135,negative,chinh_tri_xa_hoi,212,negative,doi_song,14:30
NG,21959,531,1549,16541,42,6,2097,3196,48,29,33,negative,chinh_tri_xa_hoi,13,negative,chinh_tri_xa_hoi,12:00
NG,11063,222,161,8057,44,9,2438,481,5,29,49,positive,doi_song,,,,12:00
NG,19458,912,640,10985,52,38,7711,637,1,34,230,negative,vi_tinh,111,negative,doi_song,11:30
NG,4059,178,57,2789,12,5,1109,135,0,9,318,positive,doi_song,,,,10:00
NG,6673,183,41,4580,25,10,1821,215,3,19,30,negative,chinh_tri_xa_hoi,117,negative,chinh_tri_xa_hoi,9:00
NG,22756,688,1718,18808,2690,19,124,893,1,221,4230,negative,doi_song,0,,,0:30
NG,5268,332,251,2313,22,9,2694,213,0,17,115,negative,doi_song,,,,22:30
NG,11602,692,752,9012,517,42,1805,121,2,103,235,negative,doi_song,,,,20:30
NG,5425,22,23,5154,20,0,241,7,0,3,139,negative,vi_tinh,,,,20:00
NG,4776,369,205,2348,7,3,2000,411,0,7,36,negative,chinh_tri_xa_hoi,,,,19:30
NG,13716,2830,578,10988,37,30,2081,553,9,18,69,negative,vi_tinh,,,,14:30
NG,38734,2494,798,22379,81,26,13811,2368,17,52,50,negative,doi_song,87,positive,doi_song,14:30
NG,8557,266,99,4401,13,9,3622,492,5,15,30,positive,chinh_tri_xa_hoi,37,positive,chinh_tri_xa_hoi,14:00
NG,5013,378,51,2604,4,7,1984,406,0,8,2,,_,75,negative,chinh_tri_xa_hoi,13:30
NG,3101,166,22,1933,10,2,1040,108,1,7,0,,_,43,negative,chinh_tri_xa_hoi,13:30
NG,17019,9886,1565,13848,49,22,2361,701,11,27,71,negative,doi_song,,,,13:30
NG,34589,5880,1265,18099,201,93,14845,1161,20,170,44,negative,suc_khoe,0,,,13:30
NG,37372,782,416,16856,59,28,18902,1438,13,76,70,negative,van_hoa,96,negative,vi_tinh,13:00
NG,5820,621,251,2149,5,30,3332,294,0,10,46,negative,chinh_tri_xa_hoi,,,,13:00
NG,4023,407,83,2293,9,1,1369,335,2,14,186,positive,chinh_tri_xa_hoi,302,negative,vi_tinh,11:30
NG,7450,292,98,4495,10,8,2545,369,0,23,29,negative,chinh_tri_xa_hoi,32,negative,vi_tinh,11:30
NG,5590,476,142,3901,13,7,1152,481,29,7,15,positive,doi_song,82,negative,vi_tinh,11:00
NG,2967,250,120,1890,8,6,683,367,3,10,0,,_,0,,,11:00
NG,3146,56,59,2077,12,6,848,201,0,2,111,negative,doi_song,83,positive,vi_tinh,10:00
NG,5373,330,397,3474,50,3,898,907,4,37,16,positive,chinh_tri_xa_hoi,,,,1:00
NG,9043,745,127,7653,19,5,935,407,6,18,26,negative,chinh_tri_xa_hoi,,,,0:30
NG,22435,2192,524,9407,17,20,11987,958,7,39,25,positive,vi_tinh,30,negative,the_thao,22:00
NG,2165,75,23,1879,6,2,228,46,0,4,540,negative,vi_tinh,,,,19:30
NG,7867,210,281,4717,17,4,2704,411,0,14,505,negative,suc_khoe,,,,17:30
NG,8716,420,412,4729,68,70,3328,474,0,47,96,negative,kinh_doanh,26,negative,vi_tinh,16:30
NG,21375,801,532,10512,21,24,9857,931,3,27,10,positive,suc_khoe,140,negative,doi_song,16:30
NG,3805,120,45,2720,10,1,882,188,1,3,64,positive,vi_tinh,15,negative,vi_tinh,15:00
NG,5533,504,166,3307,8,3,1781,426,1,7,66,negative,doi_song,74,positive,vi_tinh,14:30
NG,5429,253,61,3638,57,5,1403,293,6,27,6,positive,chinh_tri_xa_hoi,90,positive,doi_song,14:30
NG,3670,64,54,2209,7,1,1331,109,0,13,24,negative,chinh_tri_xa_hoi,50,negative,vi_tinh,14:00
NG,1581,43,1518,1050,53,1,453,12,0,12,118,negative,van_hoa,0,,,14:00
NG,3514,168,36,2206,20,7,1143,126,0,12,143,positive,chinh_tri_xa_hoi,0,,,14:00
NG,3424,51,43,2154,6,4,993,263,0,4,27,negative,doi_song,158,negative,chinh_tri_xa_hoi,13:30
NG,21690,2282,2086,15507,45,26,4428,1633,6,45,34,negative,chinh_tri_xa_hoi,,,,13:00
NG,10718,655,302,8929,407,12,1057,182,2,129,145,negative,doi_song,,,,10:30
NG,6516,274,106,4294,177,2,1909,87,1,46,61,negative,doi_song,70,negative,vi_tinh,8:30
NG,15482,92,249,9575,4808,2,18,2,3,1074,120,negative,doi_song,0,,,7:30
NG,2866,63,40,1652,8,2,826,372,1,5,0,,_,127,positive,vi_tinh,1:30
NG,3984,332,91,2338,11,6,1381,213,28,7,163,negative,chinh_tri_xa_hoi,198,negative,doi_song,20:30
NG,317,4,4,289,7,1,4,15,0,1,1691,negative,vi_tinh,,,,20:00
NG,40154,1813,677,23470,143,99,14593,1717,5,127,29,positive,vi_tinh,169,positive,doi_song,19:00
NG,7919,622,529,4219,39,3,3131,501,0,26,213,negative,vi_tinh,94,positive,vi_tinh,17:30
NG,6106,353,326,4335,7,3,1190,563,0,8,86,negative,doi_song,,,,17:30
NG,4865,553,462,2825,5,2,1322,697,4,10,52,negative,chinh_tri_xa_hoi,161,negative,chinh_tri_xa_hoi,17:00
NG,16516,363,649,11076,1506,4,3255,283,2,390,72,negative,khoa_hoc,86,negative,doi_song,16:30
NG,5272,217,100,3172,10,5,1772,303,0,10,0,,_,113,negative,chinh_tri_xa_hoi,16:30
NG,14244,371,410,9068,541,30,4466,25,0,114,223,negative,vi_tinh,528,negative,the_gioi,15:30
NG,37347,1666,633,15676,89,47,20373,1045,1,116,42,negative,vi_tinh,62,negative,vi_tinh,13:30
NG,5433,218,171,3104,39,7,1793,458,2,30,31,positive,chinh_tri_xa_hoi,144,negative,vi_tinh,13:30
NG,11640,984,236,5967,37,26,4644,928,10,28,29,negative,doi_song,140,negative,doi_song,12:30
NG,4407,192,32,2160,6,3,1996,234,0,8,128,negative,vi_tinh,580,negative,vi_tinh,12:00
NG,7507,349,67,4688,7,8,2021,742,7,34,17,positive,chinh_tri_xa_hoi,188,negative,vi_tinh,11:30
NG,3914,140,42,2319,5,4,1357,218,3,8,16,negative,doi_song,52,negative,chinh_tri_xa_hoi,11:30
NG,17496,1705,473,12763,183,13,3360,965,1,211,0,,_,0,,,11:30
NG,11293,514,168,4603,9,16,5995,647,3,20,33,negative,chinh_tri_xa_hoi,139,negative,doi_song,11:00
NG,4944,124,60,3608,10,4,942,370,0,10,128,negative,vi_tinh,,,,10:30
NG,6349,530,51,4171,21,4,1954,186,1,12,130,negative,doi_song,,,,10:30
NG,3244,165,22,2214,6,3,827,183,0,11,36,negative,doi_song,18,positive,vi_tinh,10:00
NG,22491,606,150,15950,100,22,5912,440,1,66,64,negative,doi_song,,,,9:30
NG,2259,83,17,1517,6,4,521,204,1,6,15,negative,chinh_tri_xa_hoi,46,negative,vi_tinh,9:30
NG,6947,194,34,5069,10,10,1534,300,10,14,54,negative,doi_song,,,,8:30
NG,5826,261,65,3474,16,3,2076,241,1,15,81,negative,doi_song,,,,0:30
NG,55090,1642,2095,24890,113,85,27628,2212,7,155,29,negative,vi_tinh,219,negative,chinh_tri_xa_hoi,23:30
NG,1790,46,7,1629,8,2,110,37,1,3,55,negative,vi_tinh,,,,22:30
NG,4393,179,110,2602,97,3,1420,229,0,42,32,negative,chinh_tri_xa_hoi,61,negative,vi_tinh,21:30
NG,24899,12573,748,19915,54,58,3207,1558,61,46,61,negative,vi_tinh,,,,20:30
NG,1050,263,9,0,0,0,0,0,0,0,62,positive,chinh_tri_xa_hoi,,,,20:00
NG,1666,121,20,1556,25,0,78,3,0,4,1038,negative,suc_khoe,,,,19:00
NG,432,10,7,403,14,0,4,9,0,2,1715,negative,the_thao,96,positive,vi_tinh,17:30
NG,6073,166,93,4541,40,7,1226,240,1,18,116,negative,suc_khoe,,,,16:00
NG,17431,589,188,7377,13,25,8776,1200,6,34,13,negative,suc_khoe,128,negative,doi_song,14:30
NG,2551,170,117,2166,9,0,311,61,0,4,22,negative,vi_tinh,46,negative,vi_tinh,13:30
NG,54881,24598,4449,37092,605,100,14796,1923,20,345,54,negative,doi_song,0,,,12:30
NG,20542,13711,3295,16122,78,42,2874,1348,17,61,28,negative,suc_khoe,,,,12:30
NG,8784,461,76,5530,9,13,2598,620,3,11,25,negative,doi_song,323,negative,doi_song,12:30
NG,8032,435,329,5911,19,6,912,1152,2,30,43,negative,suc_khoe,69,negative,doi_song,11:30
NG,11248,609,605,6784,29,6,3772,637,1,19,51,negative,doi_song,152,negative,vi_tinh,11:30
NG,17290,662,350,10267,27,20,5226,1716,4,30,145,negative,vi_tinh,,,,9:30
NG,6175,189,59,4110,18,5,1747,287,0,8,281,negative,doi_song,,,,1:30
NG,9576,1181,393,7469,43,6,1240,788,10,20,0,,_,26,negative,doi_song,0:30
NG,66268,6343,3968,27226,95,59,30943,7758,59,128,45,negative,doi_song,40,negative,chinh_tri_xa_hoi,18:30
NG,5033,286,47,3454,11,2,1341,212,4,9,51,negative,doi_song,,,,14:30
NG,63083,4605,2562,28079,151,157,30550,3994,11,141,33,negative,the_thao,17,positive,chinh_tri_xa_hoi,13:30
NG,8543,191,126,6005,10,8,850,1656,8,6,100,negative,suc_khoe,,,,12:30
NG,3554,79,66,2012,9,4,1093,427,0,9,60,positive,doi_song,177,positive,vi_tinh,12:00
NG,52792,3234,1518,19798,52,83,29938,2807,10,104,97,negative,doi_song,143,negative,doi_song,11:30
NG,6521,193,73,4736,18,5,1355,386,3,18,211,negative,doi_song,,,,11:30
NG,38555,1849,1307,23539,300,28,12277,2284,1,126,34,negative,chinh_tri_xa_hoi,167,negative,suc_khoe,10:30
NG,12799,1997,617,4588,31,18,6366,1756,9,31,49,negative,chinh_tri_xa_hoi,,,,9:30
NG,19117,1416,486,12960,26,10,3668,2419,9,25,57,negative,vi_tinh,,,,8:30
NG,4483,77,20,3504,64,2,819,55,5,34,38,negative,doi_song,,,,8:00
NG,22610,2002,586,9707,35,49,8795,3886,88,50,56,negative,vi_tinh,6,negative,the_thao,21:00
NG,3315,226,76,2133,9,3,893,224,49,4,233,negative,vi_tinh,60,negative,chinh_tri_xa_hoi,20:00
NG,50102,12744,1467,29915,87,38,14923,5048,3,88,41,positive,vi_tinh,63,negative,doi_song,17:00
NG,6912,81,77,5004,18,8,1528,341,3,10,179,negative,doi_song,,,,16:30
NG,4375,160,37,2969,12,6,1103,263,5,17,66,negative,vi_tinh,0,,,16:30
NG,8413,691,380,5336,19,7,2093,931,1,26,13,negative,doi_song,54,negative,chinh_tri_xa_hoi,15:30
NG,22339,11333,7522,15643,50,30,2038,4513,35,30,37,negative,chinh_tri_xa_hoi,,,,14:30
WE,78999,37067,49948,28754,235,80,47341,2322,21,246,75,negative,vi_tinh,30,negative,chinh_tri_xa_hoi,22:00
WE,16,0,1,13,0,0,2,1,0,0,114,negative,chinh_tri_xa_hoi,0,,,16:30
WE,1291,28,18,793,2,5,391,97,0,3,92,negative,chinh_tri_xa_hoi,129,negative,doi_song,16:00
WE,2446,634,61,1794,6,2,560,79,1,4,43,positive,vi_tinh,41,negative,chinh_tri_xa_hoi,15:00
WE,8366,393,176,4241,8,10,3498,593,0,16,57,positive,doi_song,25,negative,chinh_tri_xa_hoi,14:00
WE,3236,270,73,1633,3,4,1490,95,4,7,50,negative,doi_song,145,negative,doi_song,12:30
WE,1306,32,13,828,2,4,441,28,0,3,34,negative,vi_tinh,95,negative,chinh_tri_xa_hoi,12:00
WE,2591,71,23,1816,3,7,636,124,1,4,47,positive,doi_song,0,,,11:30
WE,402,4,7,362,2,0,37,1,0,0,135,negative,van_hoa,0,,,10:30
WE,3593,751,132,2124,4,18,1160,266,11,10,61,negative,vi_tinh,113,positive,chinh_tri_xa_hoi,10:30
WE,2645,69,63,1395,3,1,1137,101,0,8,48,negative,vi_tinh,89,negative,chinh_tri_xa_hoi,9:30
WE,4304,134,63,2141,5,9,2063,78,0,8,36,positive,vi_tinh,297,positive,chinh_tri_xa_hoi,8:00
WE,1333,56,33,809,2,1,453,67,0,1,39,positive,vi_tinh,55,positive,chinh_tri_xa_hoi,6:00
WE,1909,63,33,1192,3,1,653,54,0,6,52,negative,vi_tinh,344,negative,chinh_tri_xa_hoi,4:00
WE,2911,807,76,1533,3,7,1138,226,1,3,36,negative,vi_tinh,68,positive,chinh_tri_xa_hoi,2:00
WE,2448,57,48,1534,3,3,827,76,0,5,48,negative,chinh_tri_xa_hoi,125,negative,chinh_tri_xa_hoi,0:00
WE,1329,19,8,714,1,2,560,47,1,4,48,negative,vi_tinh,307,positive,vi_tinh,23:30
WE,12267,768,426,7356,24,17,4053,793,7,17,19,positive,doi_song,34,negative,chinh_tri_xa_hoi,23:00
WE,1063,31,28,621,3,5,375,58,0,1,26,negative,doi_song,62,negative,doi_song,22:30
WE,1344,26,18,835,3,2,453,45,0,6,41,negative,chinh_tri_xa_hoi,142,negative,chinh_tri_xa_hoi,22:00
WE,1895,37,27,1322,14,5,526,22,0,6,43,negative,doi_song,74,negative,chinh_tri_xa_hoi,21:30
WE,1609,36,11,890,5,1,674,32,0,7,75,negative,vi_tinh,,,,21:00
WE,1011,23,20,721,5,0,246,33,0,6,15,negative,chinh_tri_xa_hoi,113,negative,doi_song,20:30
WE,3229,153,92,2104,4,4,917,190,3,7,33,negative,doi_song,65,negative,doi_song,19:30
WE,6310,346,34,5196,9,10,940,146,0,9,37,negative,chinh_tri_xa_hoi,43,negative,van_hoa,19:00
WE,7657,1113,279,3287,7,9,3948,393,1,12,66,negative,vi_tinh,0,,,18:30
WE,1575,82,14,1072,2,2,447,48,0,4,43,negative,chinh_tri_xa_hoi,123,negative,chinh_tri_xa_hoi,18:00
WE,1518,75,21,916,10,10,510,62,2,8,30,positive,vi_tinh,453,negative,doi_song,16:30
WE,283,8,4,230,2,1,48,1,0,1,261,negative,suc_khoe,0,,,16:30
WE,1127,37,18,823,12,1,247,38,0,6,74,negative,doi_song,50,negative,chinh_tri_xa_hoi,16:00
WE,774,33,13,485,3,1,173,103,7,2,51,positive,doi_song,92,negative,doi_song,15:30
WE,2337,28,47,1769,396,1,8,116,0,47,2842,negative,doi_song,62,positive,chinh_tri_xa_hoi,14:30
WE,2696,42,74,1985,239,33,363,14,0,62,44,negative,vi_tinh,390,negative,vi_tinh,14:00
WE,1379,186,42,769,3,4,564,35,1,3,63,positive,vi_tinh,0,,,13:30
WE,1869,31,24,1636,94,119,10,2,0,8,384,negative,van_hoa,0,,,13:00
WE,1029,587,134,883,1,38,3,102,0,2,604,negative,doi_song,0,,,12:30
WE,770,145,6,0,0,0,0,0,0,0,0,,_,,,,12:00
WE,1983,35,42,1230,6,4,678,62,0,3,12,negative,doi_song,91,negative,chinh_tri_xa_hoi,11:30
WE,1906,45,10,1374,3,2,489,36,0,2,35,negative,chinh_tri_xa_hoi,94,negative,doi_song,11:00
WE,328,6,2,313,8,3,3,0,0,1,226,negative,van_hoa,0,,,11:00
WE,11208,311,120,7280,15,12,3571,302,1,27,49,negative,vi_tinh,32,negative,the_gioi,10:30
WE,3000,30,23,1509,2,6,1361,108,1,13,21,positive,vi_tinh,31,negative,vi_tinh,10:00
WE,238,0,2,170,1,0,58,8,0,1,189,negative,doi_song,198,negative,doi_song,9:30
WE,912,111,30,529,3,3,352,23,0,2,25,positive,doi_song,158,negative,vi_tinh,8:00
WE,8077,692,259,6421,74,6,1447,90,0,39,46,positive,vi_tinh,40,negative,chinh_tri_xa_hoi,5:00
WE,676,0,2,460,2,0,194,17,0,3,39,positive,vi_tinh,0,,,2:00
WE,566,33,13,395,1,1,121,47,0,1,52,negative,chinh_tri_xa_hoi,2,negative,chinh_tri_xa_hoi,0:00
WE,2084,91,37,1085,1,2,897,95,0,4,29,negative,vi_tinh,118,positive,doi_song,23:30
WE,3246,191,61,1897,9,7,1162,152,2,17,58,negative,chinh_tri_xa_hoi,93,negative,chinh_tri_xa_hoi,23:00
WE,3890,112,38,2219,59,4,1529,41,1,37,65,negative,chinh_tri_xa_hoi,42,positive,doi_song,22:30
WE,1515,45,18,990,25,1,481,13,0,5,47,negative,doi_song,22,negative,chinh_tri_xa_hoi,22:00
WE,1430,64,11,769,8,2,590,57,1,3,20,positive,vi_tinh,,,,21:00
WE,2141,58,26,1230,4,12,770,119,0,6,60,negative,vi_tinh,110,negative,vi_tinh,20:30
WE,834,66,9,733,2,1,94,1,0,3,43,positive,vi_tinh,0,,,20:00
WE,1047,11,11,686,1,2,315,41,0,2,25,negative,vi_tinh,192,negative,vi_tinh,19:30
WE,2576,211,25,1289,1,4,1187,88,0,7,302,negative,van_hoa,0,,,19:00
WE,1873,43,14,1175,11,2,638,40,1,6,82,positive,vi_tinh,0,,,18:00
WE,1539,19,54,1214,229,0,2,12,0,82,4654,negative,doi_song,0,,,17:30
WE,1056,47,15,655,2,9,355,34,0,1,24,positive,doi_song,81,negative,doi_song,17:00
WE,12660,614,352,5960,26,21,6219,397,2,35,42,negative,doi_song,30,negative,doi_song,16:00
WE,670,33,92,627,20,9,5,7,0,2,1821,negative,doi_song,32,negative,doi_song,15:00
WE,8152,529,110,4323,10,10,3425,365,1,18,72,negative,doi_song,30,negative,doi_song,14:30
WE,160,14,3,152,0,0,6,2,0,0,242,negative,the_thao,0,,,14:30
WE,1687,39,25,951,3,1,682,45,0,5,28,positive,vi_tinh,63,negative,chinh_tri_xa_hoi,14:00
WE,965,14,18,791,13,1,131,11,0,18,55,negative,vi_tinh,239,negative,vi_tinh,13:00
WE,247,2,2,227,0,0,15,4,0,1,127,negative,vi_tinh,0,,,12:00
WE,2227,58,25,1121,3,9,1026,59,0,9,42,negative,vi_tinh,0,,,12:00
WE,384,140,0,0,0,0,0,0,0,0,0,,_,,,,11:30
WE,988,44,16,643,0,1,311,28,0,5,65,negative,doi_song,78,positive,doi_song,10:00
WE,6670,84,100,3203,10,22,3231,190,0,14,41,positive,vi_tinh,92,negative,the_gioi,9:00
WE,2317,28,21,1494,2,3,724,85,0,9,59,negative,chinh_tri_xa_hoi,61,positive,chinh_tri_xa_hoi,8:00
WE,1124,51,18,764,3,2,317,35,0,3,51,negative,vi_tinh,83,negative,van_hoa,7:00
WE,8124,2078,181,6066,7,4,1838,189,1,19,55,negative,vi_tinh,80,negative,doi_song,2:00
WE,1304,672,28,1047,3,1,199,49,4,1,39,negative,vi_tinh,70,negative,vi_tinh,23:00
WE,2345,73,46,1541,4,15,729,54,0,2,32,positive,vi_tinh,17,negative,chinh_tri_xa_hoi,22:00
WE,1300,114,12,873,2,2,323,93,4,3,27,negative,vi_tinh,65,negative,doi_song,21:30
WE,526,56,9,319,1,6,147,52,0,1,155,negative,phap_luat,0,,,21:00
WE,1849,22,10,1099,7,0,688,45,0,10,85,negative,vi_tinh,,,,21:00
WE,1583,50,64,903,0,3,606,69,0,2,63,negative,vi_tinh,17,negative,chinh_tri_xa_hoi,20:30
WE,3108,584,6,3107,0,0,0,0,0,1,636,negative,vi_tinh,,,,20:00
WE,1113,29,41,872,12,1,97,125,0,6,56,negative,chinh_tri_xa_hoi,86,negative,van_hoa,19:30
WE,1988,268,18,1112,1,3,798,71,0,3,52,negative,vi_tinh,49,negative,doi_song,19:00
WE,2246,118,55,1477,2,12,648,102,0,5,54,negative,chinh_tri_xa_hoi,0,,,18:00
WE,1613,277,51,930,4,3,584,87,0,5,875,negative,doi_song,32,negative,vi_tinh,17:30
WE,8640,116,95,4213,9,7,3802,587,1,21,25,negative,vi_tinh,166,negative,chinh_tri_xa_hoi,17:00
WE,347,4,5,282,2,4,55,3,0,1,168,positive,doi_song,80,negative,doi_song,16:00
WE,2734,241,56,1691,4,6,956,64,3,10,65,negative,vi_tinh,0,,,16:00
WE,464,72,6,341,1,0,116,6,0,0,83,negative,vi_tinh,0,,,15:30
WE,750,19,8,568,2,0,161,18,0,1,66,negative,suc_khoe,69,negative,chinh_tri_xa_hoi,14:00
WE,6165,829,66,4636,17,4,1416,74,5,13,69,negative,vi_tinh,0,,,12:30
WE,1898,41,21,1174,2,2,648,66,0,6,46,negative,vi_tinh,122,negative,doi_song,12:00
WE,18466,236,161,11393,9,15,6463,549,4,33,18,negative,chinh_tri_xa_hoi,0,,,11:30
WE,2128,90,0,0,0,0,0,0,0,0,329,negative,chinh_tri_xa_hoi,,,,11:00
WE,2333,180,45,1048,5,3,1198,69,0,10,59,positive,vi_tinh,141,negative,doi_song,10:30
WE,15435,3594,300,13689,205,19,1272,171,29,50,43,negative,vi_tinh,80,negative,chinh_tri_xa_hoi,9:30
WE,2324,132,26,1377,4,3,861,74,0,5,49,negative,vi_tinh,0,,,8:00
WE,3356,990,80,2237,9,2,1030,70,1,7,63,negative,chinh_tri_xa_hoi,202,negative,chinh_tri_xa_hoi,7:00
WE,648,26,7,482,1,0,145,18,0,2,49,negative,doi_song,84,negative,doi_song,5:00
WE,992,9,10,674,1,2,283,30,0,2,47,negative,doi_song,181,negative,vi_tinh,3:00
WE,771,7,3,512,1,1,234,21,0,2,37,negative,vi_tinh,161,negative,chinh_tri_xa_hoi,2:00
WE,382,12,5,289,6,2,80,2,0,3,62,negative,chinh_tri_xa_hoi,28,negative,chinh_tri_xa_hoi,1:00
WE,16367,280,120,11286,31,25,4380,610,2,33,37,positive,vi_tinh,82,negative,vi_tinh,0:00
WE,1047,98,12,702,2,0,306,34,0,3,47,negative,vi_tinh,123,negative,doi_song,23:30
WE,1556,255,31,1091,7,8,387,62,1,0,68,positive,vi_tinh,289,negative,vi_tinh,23:00
WE,1668,49,37,1163,4,1,419,74,3,4,54,negative,vi_tinh,70,negative,vi_tinh,22:30
WE,2761,110,93,1512,1,6,1044,191,0,7,37,positive,vi_tinh,58,negative,doi_song,22:00
WE,615,62,4,472,0,1,125,16,1,0,37,negative,vi_tinh,73,negative,doi_song,21:30
WE,653,21,7,412,7,2,211,17,0,4,118,negative,vi_tinh,0,,,21:30
WE,1263,182,22,798,3,1,409,49,1,2,51,positive,doi_song,78,negative,doi_song,21:00
WE,1958,442,29,1304,4,1,568,76,0,5,47,negative,vi_tinh,62,positive,the_gioi,20:00
WE,1032,295,23,781,2,0,205,41,0,3,38,negative,chinh_tri_xa_hoi,74,negative,doi_song,19:30
WE,3349,33,16,1912,11,3,1343,56,0,24,22,negative,doi_song,85,negative,doi_song,19:00
WE,1022,198,27,607,2,0,364,47,0,2,21,negative,doi_song,22,negative,doi_song,18:30
WE,1414,20,3,1090,4,1,279,39,0,1,44,negative,chinh_tri_xa_hoi,69,negative,doi_song,18:00
WE,3942,109,39,2780,8,2,1062,80,0,10,31,negative,doi_song,31,positive,vi_tinh,17:30
WE,689,30,12,455,1,2,165,64,0,2,177,negative,khoa_hoc,0,,,17:00
WE,4185,128,96,2607,4,4,1468,86,0,16,46,negative,vi_tinh,11,negative,doi_song,16:00
WE,1888,22,5,1170,3,2,637,72,0,4,56,negative,doi_song,201,negative,vi_tinh,15:00
WE,1639,46,31,1076,7,5,537,10,0,4,40,negative,chinh_tri_xa_hoi,55,negative,doi_song,14:00
WE,7371,160,114,4033,8,8,3077,222,1,22,46,negative,vi_tinh,57,negative,the_thao,12:30
WE,1205,16,28,900,7,1,280,14,0,3,59,negative,vi_tinh,0,,,12:00
WE,13884,454,123,9884,17,12,3580,364,1,26,63,negative,the_gioi,0,,,11:30
WE,598,182,43,434,1,2,136,23,0,2,89,negative,doi_song,292,negative,chinh_tri_xa_hoi,11:00
WE,2120,396,37,1445,2,2,609,58,1,3,46,negative,vi_tinh,86,negative,chinh_tri_xa_hoi,10:00
WE,2509,183,32,1218,14,7,1198,57,0,15,57,negative,vi_tinh,0,,,9:00
WE,786,23,19,605,1,0,144,33,0,3,45,negative,vi_tinh,166,negative,chinh_tri_xa_hoi,7:00
WE,1468,39,10,966,3,2,454,42,0,1,44,negative,chinh_tri_xa_hoi,12,negative,doi_song,3:00
WE,1322,38,22,807,2,2,455,53,0,3,28,negative,doi_song,148,negative,doi_song,1:00
WE,1040,29,11,647,3,0,365,22,0,3,45,negative,vi_tinh,57,negative,doi_song,0:00
WE,3037,141,40,1520,2,5,1405,101,0,4,26,positive,vi_tinh,121,positive,doi_song,23:30
WE,1123,55,22,714,2,0,297,107,1,2,45,negative,chinh_tri_xa_hoi,74,negative,chinh_tri_xa_hoi,23:00
WE,8505,104,69,6143,16,15,2106,204,1,20,43,negative,vi_tinh,71,negative,doi_song,22:30
WE,619,11,20,480,0,0,63,76,0,0,46,negative,vi_tinh,122,negative,doi_song,21:30
WE,1384,26,5,794,13,2,548,25,0,2,20,positive,vi_tinh,,,,21:00
WE,1531,105,45,970,2,1,524,31,0,3,34,positive,vi_tinh,32,negative,doi_song,20:30
WE,1778,41,7,1312,1,2,427,29,1,6,60,positive,vi_tinh,291,negative,van_hoa,20:00
WE,2050,46,26,1310,2,2,672,55,0,9,36,negative,doi_song,175,negative,doi_song,19:30
WE,1321,375,27,1000,2,1,282,31,0,5,34,negative,vi_tinh,53,negative,vi_tinh,19:00
WE,1576,150,14,881,11,0,596,30,0,58,38,negative,doi_song,153,positive,vi_tinh,18:00
WE,196,2,1,150,0,0,45,0,0,1,807,negative,the_thao,0,,,16:30
WE,9614,126,81,6129,15,7,3150,281,2,30,23,positive,vi_tinh,20,negative,vi_tinh,16:00
WE,11629,75,68,8164,6,14,3157,271,0,17,31,positive,vi_tinh,100,negative,vi_tinh,15:30
WE,859,31,9,582,2,1,219,52,1,2,48,negative,vi_tinh,84,negative,doi_song,14:00
WE,2738,90,30,1676,2,8,928,115,1,8,35,positive,chinh_tri_xa_hoi,39,negative,vi_tinh,12:00
WE,567,20,8,522,2,1,35,2,0,5,295,negative,the_thao,0,,,11:30
WE,6818,402,109,3744,4,22,2662,369,1,16,53,positive,vi_tinh,0,,,11:00
WE,1874,71,72,1091,4,1,710,61,0,7,27,positive,vi_tinh,104,negative,chinh_tri_xa_hoi,9:30
WE,15272,790,415,9423,12,29,5013,729,22,44,43,positive,vi_tinh,0,,,8:30
WE,2768,373,185,1386,6,4,1285,73,1,13,87,negative,vi_tinh,87,negative,doi_song,1:00
WE,280,3,0,235,1,0,42,1,0,1,176,negative,chinh_tri_xa_hoi,0,,,23:00
WE,1195,60,32,790,2,0,382,20,0,1,61,negative,chinh_tri_xa_hoi,0,,,22:30
WE,6093,1319,527,3606,27,5,2214,209,1,31,52,negative,suc_khoe,0,,,22:30
WE,2493,82,37,1685,1,2,632,166,0,7,37,positive,suc_khoe,86,negative,doi_song,22:00
WE,1781,67,17,1307,5,3,365,98,0,3,45,negative,vi_tinh,104,negative,doi_song,20:00
WE,374,3,3,289,2,2,71,10,0,0,159,negative,vi_tinh,16,negative,van_hoa,20:00
WE,988,27,3,544,0,2,371,65,0,6,76,negative,vi_tinh,71,negative,chinh_tri_xa_hoi,19:00
WE,3332,227,33,1731,18,5,1458,110,0,10,49,negative,vi_tinh,0,,,18:00
WE,22008,4256,616,10028,32,14,11288,592,0,54,80,negative,vi_tinh,0,,,16:30
WE,7499,602,98,6624,227,16,542,31,1,58,35,positive,vi_tinh,39,negative,doi_song,16:00
WE,1183,86,21,690,3,4,438,44,0,4,89,negative,vi_tinh,80,negative,chinh_tri_xa_hoi,15:00
WE,3867,86,77,2568,14,39,1162,71,1,12,36,positive,vi_tinh,58,positive,vi_tinh,14:00
WE,6767,321,121,3946,4,4,2377,407,6,23,26,negative,doi_song,0,,,13:30
WE,13606,1073,442,6174,43,7,6938,389,1,54,47,negative,vi_tinh,,,,12:00
WE,1473,18,17,825,3,1,555,83,0,6,30,positive,vi_tinh,148,negative,kinh_doanh,12:00
WE,9150,77,96,6750,240,10,2007,59,0,84,50,negative,suc_khoe,38,negative,phap_luat,10:00
WE,1083,36,22,664,3,0,365,48,1,2,55,negative,vi_tinh,84,negative,chinh_tri_xa_hoi,7:00
WE,1681,35,15,1017,3,2,620,34,0,5,48,negative,vi_tinh,71,negative,doi_song,6:00
WE,1538,4,20,896,7,2,587,37,0,9,54,negative,vi_tinh,33,positive,chinh_tri_xa_hoi,5:00
WE,2445,50,23,1305,1,6,974,151,0,8,38,positive,chinh_tri_xa_hoi,156,positive,vi_tinh,4:00
WE,1866,75,51,1115,5,0,722,16,0,8,50,negative,vi_tinh,165,negative,vi_tinh,23:00
WE,2110,194,10,1777,3,4,280,43,0,3,65,positive,vi_tinh,52,negative,vi_tinh,22:00
WE,8617,250,312,5595,13,7,2591,386,4,21,61,positive,doi_song,47,negative,chinh_tri_xa_hoi,21:30
WE,1881,259,32,1074,3,4,718,77,0,5,38,negative,doi_song,38,negative,doi_song,20:00
WE,2303,41,21,1515,5,5,722,49,0,7,68,negative,vi_tinh,0,,,18:00
WE,5201,142,106,3013,7,7,2001,149,0,24,55,negative,vi_tinh,92,negative,chinh_tri_xa_hoi,16:30
WE,1314,12,11,770,0,0,484,53,0,7,36,positive,chinh_tri_xa_hoi,0,,,16:00
WE,862,50,13,571,2,0,255,26,2,6,126,negative,doi_song,,,,15:30
WE,2819,182,48,1489,11,10,1227,73,0,9,79,positive,doi_song,79,positive,doi_song,15:00
WE,3301,117,26,1544,1,6,1626,116,0,8,85,negative,chinh_tri_xa_hoi,43,negative,vi_tinh,14:00
WE,14205,829,326,7225,18,22,6170,712,11,47,28,positive,vi_tinh,250,negative,doi_song,13:00
WE,640,20,4,404,0,0,188,46,0,2,32,negative,chinh_tri_xa_hoi,84,negative,vi_tinh,12:00
WE,1902,37,22,1434,4,2,422,33,0,7,75,negative,vi_tinh,26,positive,chinh_tri_xa_hoi,11:30
WE,1130,20,13,759,4,6,345,9,0,7,51,negative,vi_tinh,60,negative,chinh_tri_xa_hoi,10:00
WE,324,8,6,250,1,0,68,4,0,1,108,negative,chinh_tri_xa_hoi,84,negative,doi_song,9:30
WE,564,47,5,422,1,2,119,19,0,1,43,negative,vi_tinh,50,negative,vi_tinh,8:00
WE,1668,218,40,856,3,5,717,83,1,3,68,negative,suc_khoe,200,negative,suc_khoe,7:00
WE,2133,44,23,1341,3,7,692,82,0,8,50,positive,vi_tinh,0,,,6:00
WE,954,22,18,520,1,1,366,62,0,4,42,negative,vi_tinh,0,,,6:00
WE,820,45,12,516,7,4,283,5,0,5,73,negative,the_thao,0,,,4:00
WE,918,57,13,562,1,2,317,32,0,4,68,negative,vi_tinh,110,negative,doi_song,2:00
WE,1122,161,4,987,3,0,110,13,0,9,98,negative,chinh_tri_xa_hoi,,,,1:30
WE,154,13,1,133,1,2,12,5,0,1,227,negative,the_thao,11,negative,vi_tinh,0:30
WE,2818,65,61,1959,9,13,717,110,0,10,42,positive,vi_tinh,48,negative,chinh_tri_xa_hoi,0:00
WE,356,4,5,332,7,1,11,1,0,4,232,negative,chinh_tri_xa_hoi,0,,,22:30
WE,6890,509,74,4414,9,6,2267,177,1,16,38,positive,vi_tinh,31,negative,doi_song,22:30
WE,2553,52,65,1445,5,3,1019,71,0,10,24,negative,chinh_tri_xa_hoi,61,negative,chinh_tri_xa_hoi,22:00
WE,1177,63,53,912,1,2,105,153,0,4,50,negative,vi_tinh,94,negative,doi_song,21:30
WE,2353,56,17,1057,7,2,1205,75,0,7,55,negative,vi_tinh,,,,21:00
WE,1025,59,24,749,4,1,208,60,1,2,49,negative,vi_tinh,40,negative,vi_tinh,20:30
WE,855,18,30,698,120,1,5,0,0,31,438,negative,chinh_tri_xa_hoi,,,,20:00
WE,1603,42,6,1195,4,2,362,32,2,6,53,negative,vi_tinh,59,negative,vi_tinh,19:30
WE,1732,109,22,1046,6,16,598,57,0,9,67,negative,chinh_tri_xa_hoi,0,,,18:00
WE,1076,41,18,726,4,2,326,15,0,3,58,negative,vi_tinh,0,,,17:30
WE,231,1,6,199,2,0,26,1,0,3,153,negative,chinh_tri_xa_hoi,0,,,16:30
WE,5010,850,109,3133,6,6,1654,194,2,15,33,negative,vi_tinh,0,,,16:00
WE,16488,704,351,10957,19,12,4904,553,6,37,35,negative,vi_tinh,49,negative,van_hoa,15:00
WE,4205,56,85,3559,6,2,476,149,0,13,53,negative,vi_tinh,62,negative,suc_khoe,14:30
WE,9330,297,147,5048,10,17,3838,387,0,30,70,negative,vi_tinh,19,positive,doi_song,12:00
WE,4415,380,92,2735,6,24,1490,138,1,21,82,negative,doi_song,0,,,11:00
WE,9217,613,60,6417,13,7,2346,408,3,23,53,negative,doi_song,100,negative,doi_song,10:00
WE,1870,27,45,1413,2,6,368,78,0,3,59,negative,doi_song,0,,,9:00
WE,663,85,18,478,1,1,152,28,0,3,43,negative,vi_tinh,0,,,8:00
WE,16389,540,241,8749,18,9,7131,417,2,63,57,negative,vi_tinh,32,positive,vi_tinh,6:00
WE,1201,29,29,794,2,0,355,42,0,8,49,negative,vi_tinh,84,negative,suc_khoe,4:00
WE,760,7,17,521,4,0,184,45,0,6,35,positive,doi_song,101,negative,khoa_hoc,2:30
WE,844,139,3,746,1,3,84,6,0,4,100,negative,vi_tinh,56,negative,the_thao,0:00
WE,1236,17,12,793,3,0,403,31,0,6,20,negative,chinh_tri_xa_hoi,0,,,23:30
WE,1030,106,16,646,2,0,338,42,0,2,40,negative,van_hoa,0,,,22:30
WE,190,6,1,175,2,1,12,0,0,0,98,negative,khoa_hoc,0,,,22:00
WE,451,6,6,307,0,2,113,27,0,2,29,negative,doi_song,76,negative,vi_tinh,22:00
WE,1587,52,41,733,1,4,773,66,0,10,41,positive,vi_tinh,47,positive,chinh_tri_xa_hoi,22:00
WE,2304,86,20,1275,5,16,955,45,0,8,48,negative,the_gioi,104,negative,vi_tinh,21:30
WE,332,2,4,288,7,0,31,0,0,6,152,positive,doi_song,0,,,20:30
WE,1030,104,17,703,2,1,295,27,0,2,45,negative,chinh_tri_xa_hoi,19,negative,phap_luat,20:30
WE,3889,65,122,3497,59,2,280,2,15,34,318,negative,van_hoa,,,,20:00
WE,2316,288,42,1260,6,4,955,79,0,12,22,negative,suc_khoe,71,negative,chinh_tri_xa_hoi,19:30
WE,3190,294,66,1825,27,30,1054,235,1,18,30,positive,doi_song,0,,,19:00
WE,1065,29,26,543,2,1,456,60,0,3,29,negative,chinh_tri_xa_hoi,41,negative,vi_tinh,18:30
WE,1280,90,52,809,0,0,396,67,1,7,36,negative,vi_tinh,63,negative,doi_song,18:00
WE,5155,2130,43,4584,6,3,501,48,2,11,37,negative,chinh_tri_xa_hoi,,,,17:30
WE,1045,25,30,780,5,1,225,28,0,6,71,positive,vi_tinh,36,negative,vi_tinh,16:00
WE,1538,90,12,1178,129,1,193,6,0,31,127,negative,vi_tinh,0,,,15:00
WE,1687,37,136,1238,1,1,389,56,0,2,81,negative,vi_tinh,0,,,14:00
WE,3958,89,56,3092,7,0,659,191,1,8,55,negative,vi_tinh,0,,,13:30
WE,993,17,6,674,2,1,280,33,1,2,117,negative,vi_tinh,0,,,12:00
WE,3189,231,25,1953,6,4,1141,77,0,8,60,negative,vi_tinh,100,negative,doi_song,10:00
WE,288,0,1,214,1,1,68,4,0,0,170,negative,the_thao,0,,,9:30
WE,2280,413,47,1431,17,17,742,49,1,23,54,positive,doi_song,0,,,9:00
WE,7573,857,264,4725,23,9,2609,183,0,24,78,positive,doi_song,137,negative,doi_song,7:30
WE,2808,46,68,1682,4,7,948,156,1,10,38,positive,chinh_tri_xa_hoi,222,negative,vi_tinh,7:00
WE,877,18,12,532,0,0,321,20,0,4,73,negative,vi_tinh,76,negative,doi_song,6:00
WE,385,211,25,317,0,1,42,23,0,2,50,negative,vi_tinh,46,negative,suc_khoe,5:00
WE,652,14,25,406,11,1,225,6,0,3,40,negative,doi_song,94,negative,chinh_tri_xa_hoi,4:00
WE,1929,48,17,948,2,3,866,102,0,8,63,negative,chinh_tri_xa_hoi,66,negative,vi_tinh,3:00
WE,719,24,16,391,1,1,269,52,2,3,30,negative,vi_tinh,50,negative,chinh_tri_xa_hoi,2:00
WE,2391,65,26,1595,8,2,739,45,0,2,44,negative,vi_tinh,98,negative,vi_tinh,1:00
WE,4992,6370,1359,3349,24,6,1347,232,17,17,42,negative,vi_tinh,280,negative,doi_song,0:00
WE,1603,416,32,1072,5,2,500,20,0,4,57,negative,vi_tinh,86,negative,doi_song,23:30
WE,985,43,17,572,1,0,380,31,1,0,43,positive,doi_song,154,positive,doi_song,23:00
WE,2553,71,15,2187,103,147,90,3,0,23,93,positive,vi_tinh,0,,,23:00
TB,16650,1899,456,14682,1344,47,512,44,2,19,347,negative,vi_tinh,28,negative,kinh_doanh,17:30
TB,8766,109,63,4613,34,20,3713,337,3,46,112,negative,the_thao,176,positive,doi_song,20:30
TB,16502,344,174,8913,48,27,6838,589,2,85,85,negative,vi_tinh,172,negative,doi_song,19:30
TB,35259,883,565,19815,65,61,13596,1575,6,141,26,negative,suc_khoe,102,negative,van_hoa,22:00
TB,45592,1189,1149,19114,71,70,23677,2419,10,231,23,negative,chinh_tri_xa_hoi,134,negative,doi_song,19:30
TB,33700,655,650,15902,214,83,16263,517,4,717,0,,_,87,negative,chinh_tri_xa_hoi,20:30
TB,44873,1038,1040,18947,87,86,23227,2209,36,281,17,negative,kinh_doanh,79,negative,doi_song,20:30
TB,18516,356,240,10177,208,27,7394,135,8,567,58,negative,doi_song,145,negative,doi_song,19:30
TB,12450,288,122,6433,36,19,5432,423,5,102,89,negative,vi_tinh,115,negative,vi_tinh,19:30
TB,20875,485,207,9846,44,28,10091,661,5,200,48,negative,vi_tinh,123,negative,doi_song,20:00
TB,41322,555,569,19851,457,55,16896,212,10,3841,0,,_,34,negative,chinh_tri_xa_hoi,21:30
TB,28750,859,412,14633,56,42,12135,768,27,1089,63,negative,doi_song,150,negative,doi_song,21:00
TB,14592,1545,135,10276,112,21,3028,114,3,1038,55,negative,vi_tinh,,,,15:30
TB,40554,2425,956,8051,560,99,3840,1122,516,26366,0,,_,95,negative,doi_song,18:30
TB,14546,165,81,8773,272,21,5131,179,2,168,156,positive,vi_tinh,181,positive,chinh_tri_xa_hoi,19:30
TB,11137,207,47,6828,59,16,3809,330,0,95,77,positive,vi_tinh,172,positive,vi_tinh,20:00
TB,36226,450,1493,25941,499,93,6532,3115,6,40,18,negative,chinh_tri_xa_hoi,103,negative,doi_song,17:30
TB,12305,141,67,7227,41,19,4673,323,7,15,89,negative,vi_tinh,171,positive,vi_tinh,20:00
TB,34535,890,786,14538,99,45,19073,765,3,12,24,negative,chinh_tri_xa_hoi,127,negative,chinh_tri_xa_hoi,12:30
TB,17111,299,228,7875,67,26,8677,456,4,6,65,negative,vi_tinh,190,negative,doi_song,19:00
TB,41992,1673,918,16781,128,58,24047,928,13,37,13,positive,chinh_tri_xa_hoi,119,negative,chinh_tri_xa_hoi,21:00
TB,20937,454,237,9515,84,34,10981,309,3,11,82,positive,vi_tinh,182,negative,doi_song,18:00
TB,97659,2424,3049,38943,276,126,50589,7682,22,21,50,positive,van_hoa,0,,,18:30
TB,19387,437,334,10924,92,13,8062,286,3,7,138,positive,doi_song,45,negative,doi_song,11:30
TB,20113,284,119,10341,82,30,9369,283,1,7,106,negative,vi_tinh,135,negative,vi_tinh,12:00
TB,35847,882,856,14306,142,46,20631,714,3,5,39,negative,doi_song,79,negative,doi_song,17:30
TB,23118,272,321,12431,221,43,10079,332,2,10,42,negative,the_thao,0,,,12:30
TB,37136,823,704,16292,122,56,19834,817,10,5,32,positive,doi_song,79,negative,kinh_doanh,22:00
TB,53827,967,873,22684,118,71,29676,1261,12,5,0,,_,195,negative,doi_song,21:30
TB,49527,1426,1125,24190,157,96,22143,2920,19,2,28,negative,doi_song,0,,,20:00
TB,28045,314,78,20408,425,34,6965,177,24,12,26,negative,doi_song,53,negative,doi_song,19:30
TB,30051,440,522,16489,128,25,12765,633,7,4,56,negative,chinh_tri_xa_hoi,97,negative,doi_song,19:30
TB,16360,1303,53,10066,100,33,5674,474,10,3,33,negative,doi_song,0,,,10:30
TB,28378,380,245,15692,88,69,12115,406,6,2,41,negative,chinh_tri_xa_hoi,98,negative,van_hoa,12:30
TB,25531,667,282,14303,145,47,10576,452,4,4,67,positive,vi_tinh,0,,,19:00
TB,16670,250,192,9929,74,33,6345,279,9,1,71,negative,vi_tinh,208,negative,vi_tinh,20:30
TB,76041,1169,3004,32002,205,129,42235,1461,7,2,22,negative,chinh_tri_xa_hoi,86,negative,the_thao,12:30
TB,8313,153,36,5631,178,42,2410,49,2,1,134,negative,van_hoa,0,,,9:30
TB,30380,563,333,15305,62,47,13027,1933,3,3,22,negative,doi_song,50,negative,suc_khoe,20:30
TB,25188,334,233,15331,94,25,9342,390,5,1,75,negative,vi_tinh,169,negative,doi_song,18:00
TB,94638,4244,7169,33133,327,130,58947,2045,55,1,13,positive,chinh_tri_xa_hoi,105,negative,vi_tinh,20:00
TB,11413,164,102,6080,53,16,5083,177,3,1,95,negative,vi_tinh,169,negative,chinh_tri_xa_hoi,19:30
TB,12423,1617,244,7176,92,66,3886,1004,199,0,723,negative,van_hoa,0,,,1:30
TB,34535,743,556,15476,96,46,18256,656,2,3,34,negative,doi_song,102,negative,chinh_tri_xa_hoi,16:30
TB,27839,693,579,12442,77,40,14514,756,8,2,28,negative,chinh_tri_xa_hoi,134,negative,chinh_tri_xa_hoi,19:30
TB,14171,218,129,7413,71,33,6476,177,1,0,82,negative,chinh_tri_xa_hoi,197,positive,doi_song,19:30
TB,69918,1265,1387,28003,168,186,35215,6330,15,1,42,negative,doi_song,172,negative,the_thao,18:00
TB,38828,536,662,17068,106,44,19305,2299,5,1,21,negative,vi_tinh,58,negative,doi_song,20:30
TB,102453,2547,6677,47192,1140,132,52020,1939,14,16,57,negative,doi_song,,,,21:30
TB,4516,114,126,2498,77,7,1891,40,3,0,775,negative,doi_song,12,positive,chinh_tri_xa_hoi,11:30
TB,12569,610,241,6757,45,33,4601,922,209,2,23,negative,khoa_hoc,166,negative,doi_song,18:30
TB,5155,120,20,3694,240,10,1189,20,2,0,104,negative,doi_song,0,,,19:30
TB,29280,404,249,16195,811,55,11982,227,8,2,13,positive,vi_tinh,0,,,16:00
TB,21427,696,148,16520,2410,308,2148,33,5,3,36,positive,doi_song,0,,,12:30
TB,34638,1538,1390,22072,567,101,7461,4423,12,2,34,negative,chinh_tri_xa_hoi,149,negative,chinh_tri_xa_hoi,21:30
TB,28996,826,564,12058,98,33,16061,736,8,2,29,negative,chinh_tri_xa_hoi,158,negative,suc_khoe,20:30
TB,21830,851,0,0,0,0,0,0,0,0,0,,_,0,,,1:30
TB,41785,370,85,29559,651,42,11311,204,15,3,47,negative,chinh_tri_xa_hoi,166,negative,van_hoa,20:30
TB,17680,435,256,9827,143,44,7378,277,10,1,34,positive,doi_song,58,positive,doi_song,20:30
TB,1672,43,21,1288,23,4,319,35,3,0,100,negative,the_thao,35,negative,vi_tinh,15:00
TB,22169,814,356,13240,238,40,8438,207,4,2,47,negative,the_thao,124,negative,doi_song,19:00
TB,22510,571,588,10136,67,67,11033,1194,12,1,50,negative,chinh_tri_xa_hoi,99,negative,suc_khoe,19:30
TB,796,553,43,0,0,0,0,0,0,0,1880,negative,vi_tinh,,,,19:30
TB,1408,56,22,1141,144,5,114,3,1,0,439,negative,vi_tinh,0,,,21:00
TB,22671,391,329,10205,75,40,11872,473,6,0,47,negative,chinh_tri_xa_hoi,208,negative,doi_song,18:30
TB,19232,201,378,10859,78,30,8032,232,1,0,27,negative,chinh_tri_xa_hoi,114,negative,doi_song,17:30
TB,32767,532,212,13785,87,145,16508,2200,42,0,6,positive,chinh_tri_xa_hoi,75,negative,doi_song,10:30
TB,21989,440,373,12662,67,35,8638,578,8,1,48,negative,doi_song,0,,,17:30
TB,23509,537,683,14642,563,52,7210,974,67,1,10,positive,chinh_tri_xa_hoi,11,negative,chinh_tri_xa_hoi,0:00
TB,25149,487,471,13894,335,40,10657,218,5,0,105,negative,doi_song,35,negative,doi_song,22:30
TB,45751,1069,3150,21733,328,47,21061,2567,6,9,138,negative,doi_song,,,,20:00
TB,9092,161,87,5270,187,16,3544,75,0,0,80,negative,vi_tinh,227,negative,doi_song,18:30
TB,6037,969,84,4405,397,42,1088,65,40,0,282,negative,vi_tinh,0,,,22:00
TB,27147,601,359,14513,120,43,11737,720,14,0,3,positive,chinh_tri_xa_hoi,46,negative,chinh_tri_xa_hoi,21:30
TB,14955,320,214,8070,52,21,6517,291,4,0,74,negative,vi_tinh,28,positive,chinh_tri_xa_hoi,19:00
TB,10789,133,101,6548,66,18,3979,174,3,1,90,negative,chinh_tri_xa_hoi,124,negative,kinh_doanh,20:30
TB,11353,347,0,0,0,0,0,0,0,0,0,,_,0,,,21:30
TB,35128,1022,1233,17564,109,47,15282,2117,9,0,48,negative,chinh_tri_xa_hoi,101,negative,suc_khoe,19:00
TB,12194,282,91,7015,32,22,4768,356,1,0,102,negative,doi_song,83,negative,vi_tinh,20:00
TB,19844,403,193,10615,58,40,8018,1103,10,0,74,positive,vi_tinh,170,positive,doi_song,20:30
TB,2740,158,0,0,0,0,0,0,0,0,193,negative,doi_song,0,,,20:30
TB,13599,265,71,8710,129,26,4236,488,10,0,72,negative,vi_tinh,,,,19:30
TB,3367,227,82,0,0,0,0,0,0,0,127,negative,vi_tinh,,,,21:00
TB,8421,231,124,4473,44,23,3581,298,2,0,89,negative,vi_tinh,182,negative,vi_tinh,19:30
TB,9901,391,102,6159,49,22,3380,290,1,0,95,negative,vi_tinh,281,negative,doi_song,21:30
TB,13062,373,573,9772,114,19,2967,188,2,0,93,negative,chinh_tri_xa_hoi,130,negative,chinh_tri_xa_hoi,11:00
TB,11453,192,169,6607,102,16,4478,248,2,0,134,positive,doi_song,157,positive,chinh_tri_xa_hoi,19:30
TB,9487,223,79,5737,39,23,3410,276,2,0,128,negative,vi_tinh,250,negative,chinh_tri_xa_hoi,19:00
TB,31868,746,551,16212,69,96,12632,2845,14,0,53,negative,doi_song,0,,,18:30
TB,45624,1710,2010,20575,162,83,23572,1223,9,0,11,positive,vi_tinh,59,negative,chinh_tri_xa_hoi,13:30
TB,12382,255,97,7322,50,22,4718,268,2,0,97,negative,vi_tinh,145,negative,chinh_tri_xa_hoi,11:00
TB,17257,704,538,11267,1066,50,4765,101,8,0,46,negative,phap_luat,0,,,18:30
TB,16594,285,181,10011,74,35,6073,396,5,0,78,negative,doi_song,398,positive,van_hoa,19:30
TB,17139,268,166,13242,1551,74,2212,56,4,0,15,negative,chinh_tri_xa_hoi,0,,,18:00
TB,17680,471,253,8868,70,44,8051,644,3,0,42,negative,vi_tinh,155,negative,vi_tinh,21:30
TB,14226,256,157,9358,349,21,4376,118,4,0,171,negative,vi_tinh,172,negative,doi_song,20:00
TB,28634,2186,886,15620,356,65,12333,256,4,0,0,,_,142,positive,doi_song,20:30
TB,41228,1158,679,21066,139,86,17632,2280,25,0,8,positive,vi_tinh,54,negative,vi_tinh,18:30
TB,14017,321,136,8013,61,24,5470,448,1,0,108,negative,chinh_tri_xa_hoi,254,negative,van_hoa,21:00
TB,26213,1208,1483,15532,1157,52,9277,186,9,0,25,negative,chinh_tri_xa_hoi,134,negative,doi_song,19:30
TB,11107,704,223,8042,794,25,1703,533,10,0,36,negative,doi_song,0,,,18:30
TB,55116,2187,2704,20729,155,74,31340,2804,14,0,16,negative,doi_song,85,negative,doi_song,20:30
TB,17425,234,98,10921,57,34,5884,526,3,0,59,negative,vi_tinh,206,negative,doi_song,17:30
TB,25356,768,304,14608,116,49,9020,1557,6,0,41,positive,doi_song,10,negative,chinh_tri_xa_hoi,19:30
TB,8636,404,40,5881,335,47,2296,63,14,0,83,negative,doi_song,,,,16:30
TB,27164,1400,1133,15829,1013,117,10013,180,12,0,29,negative,doi_song,52,negative,the_thao,19:00
TB,15727,343,232,11911,1323,56,2311,122,4,0,25,negative,chinh_tri_xa_hoi,0,,,19:00
TB,8475,453,1955,0,0,0,0,0,0,0,397,negative,van_hoa,,,,13:00
TB,13854,530,110,8214,70,28,5186,352,4,0,89,negative,chinh_tri_xa_hoi,121,negative,doi_song,11:00
TB,28884,1061,566,12628,105,46,15073,1024,8,0,45,negative,chinh_tri_xa_hoi,63,negative,doi_song,20:30
TB,21981,824,620,11872,85,29,9141,850,4,0,11,negative,doi_song,35,negative,vi_tinh,17:00
TB,10326,336,145,5378,34,23,4631,256,3,1,96,negative,vi_tinh,163,negative,vi_tinh,21:00
TB,24661,775,335,12186,76,55,11256,1083,5,0,51,negative,khoa_hoc,212,negative,chinh_tri_xa_hoi,18:30
TB,2614,904,20,1963,202,10,420,17,2,0,365,positive,doi_song,0,,,22:00
TB,14326,269,106,8720,54,24,4891,634,3,0,67,negative,suc_khoe,113,negative,doi_song,20:00
TB,3271,460,59,2461,309,25,449,22,5,0,227,negative,van_hoa,186,negative,vi_tinh,21:30
TB,23496,921,602,10068,183,65,11654,1524,2,0,101,negative,chinh_tri_xa_hoi,55,positive,doi_song,18:30
TB,10655,418,708,6464,328,22,3774,63,4,0,161,negative,chinh_tri_xa_hoi,97,negative,doi_song,20:30
TB,13143,925,264,10748,1476,48,840,28,3,0,578,negative,van_hoa,0,,,18:30
TB,12869,284,129,9578,70,16,2923,280,2,0,72,negative,vi_tinh,368,negative,chinh_tri_xa_hoi,20:30
TB,47389,1498,3466,26792,390,72,18793,1302,39,1,28,negative,chinh_tri_xa_hoi,24,negative,chinh_tri_xa_hoi,17:30
TB,18363,248,121,12208,67,20,5645,418,5,0,122,negative,vi_tinh,164,positive,doi_song,19:30
TB,17704,539,291,10241,84,24,6511,840,4,0,29,negative,chinh_tri_xa_hoi,62,negative,khoa_hoc,21:30
TB,10252,572,241,5499,255,26,4370,95,7,0,67,negative,chinh_tri_xa_hoi,138,negative,chinh_tri_xa_hoi,19:30
TB,11279,379,158,6810,76,21,4083,282,7,0,84,negative,vi_tinh,184,negative,kinh_doanh,21:30
TB,21064,627,176,10524,68,33,9505,922,12,0,31,negative,doi_song,125,negative,doi_song,20:30
TB,15703,4836,171,10172,74,29,4926,473,29,0,35,negative,chinh_tri_xa_hoi,42,negative,chinh_tri_xa_hoi,21:30
TB,11844,434,145,6159,56,20,5344,262,3,0,51,negative,vi_tinh,239,negative,khoa_hoc,19:00
TB,18610,1014,653,10263,162,48,6849,1271,17,0,15,negative,doi_song,11,negative,chinh_tri_xa_hoi,17:30
TB,23963,1143,454,12951,94,77,9794,993,54,0,5,positive,doi_song,45,negative,doi_song,20:00
TB,8897,1754,97,5869,49,17,2760,194,8,0,49,negative,chinh_tri_xa_hoi,10,negative,the_gioi,17:30
TB,14246,449,104,8483,51,16,5266,419,11,0,97,negative,chinh_tri_xa_hoi,168,negative,vi_tinh,11:30
TB,13184,293,64,9784,47,20,2983,344,6,0,61,positive,vi_tinh,207,negative,doi_song,19:00
TB,21043,1256,997,13401,355,88,4939,2247,12,1,8,negative,chinh_tri_xa_hoi,106,negative,doi_song,21:00
TB,14152,503,90,8707,67,20,4987,365,6,0,25,negative,chinh_tri_xa_hoi,107,negative,suc_khoe,11:00
TB,10233,412,123,5933,131,25,3894,241,9,0,105,negative,vi_tinh,353,negative,chinh_tri_xa_hoi,20:00
TB,18173,1010,201,9315,68,39,8086,651,14,0,18,negative,chinh_tri_xa_hoi,180,negative,doi_song,21:30
TB,13053,673,75,8149,413,44,4255,183,9,0,39,negative,doi_song,0,,,9:30
TB,10245,520,144,5893,73,22,3975,280,2,0,75,positive,doi_song,160,positive,kinh_doanh,20:00
TB,15980,1049,97,10635,86,34,4813,400,12,0,55,negative,doi_song,0,,,16:30
TB,20645,1207,266,10178,67,37,8825,1529,9,0,30,negative,doi_song,46,negative,doi_song,19:00
TB,12239,368,80,8009,56,20,3905,247,2,0,85,negative,doi_song,185,negative,chinh_tri_xa_hoi,21:00
TB,15288,1352,204,10603,1056,131,3431,63,4,0,25,negative,chinh_tri_xa_hoi,0,,,17:30
TB,10118,575,86,6635,128,18,3140,196,1,0,125,positive,doi_song,147,negative,the_thao,11:30
TB,19902,1249,394,9404,51,75,8226,2002,144,0,24,positive,van_hoa,39,positive,doi_song,20:30
TB,11718,545,136,6524,51,33,4739,367,4,0,59,negative,vi_tinh,194,negative,vi_tinh,21:00
TB,25170,1102,461,14100,196,48,10173,643,10,0,21,positive,chinh_tri_xa_hoi,43,negative,chinh_tri_xa_hoi,19:00
TB,10018,545,8,7659,51,20,2064,218,6,0,64,positive,chinh_tri_xa_hoi,,,,18:30
TB,40195,2075,4045,20892,131,64,15381,3711,16,0,32,negative,the_thao,52,negative,doi_song,20:30
TB,27472,715,90,19898,122,44,6923,476,9,0,54,negative,vi_tinh,21,negative,doi_song,21:00
TB,11424,393,104,6936,66,16,4130,270,6,0,197,negative,the_gioi,189,negative,doi_song,19:00
TB,29065,755,234,25142,779,31,3004,86,23,0,27,negative,vi_tinh,73,positive,doi_song,7:30
TB,35816,1904,740,15690,171,111,18482,1348,14,0,33,negative,chinh_tri_xa_hoi,11,positive,chinh_tri_xa_hoi,18:30
TB,10913,328,39,7926,48,21,2706,210,2,0,131,positive,vi_tinh,284,negative,doi_song,20:00
TB,10044,402,104,5693,67,29,3959,291,5,0,88,positive,vi_tinh,337,negative,vi_tinh,11:30
TB,10310,309,99,6897,48,11,3167,182,5,0,94,negative,vi_tinh,301,positive,doi_song,21:30
TB,23484,1061,434,11509,68,45,10228,1618,16,0,50,negative,doi_song,42,negative,doi_song,19:30
TB,10296,343,75,6386,46,11,3643,200,10,0,124,negative,vi_tinh,237,negative,doi_song,10:30
TB,31355,1453,521,15442,90,62,14283,1459,19,0,20,positive,kinh_doanh,94,negative,doi_song,17:00
TB,12364,588,122,7501,64,28,4358,409,4,0,193,negative,doi_song,139,negative,doi_song,19:00
TB,18670,670,105,10798,89,37,7107,634,5,0,72,negative,vi_tinh,188,negative,the_thao,19:30
TB,20791,677,234,10182,104,24,9851,621,9,0,23,negative,doi_song,10,negative,chinh_tri_xa_hoi,15:30
TB,10351,1715,28,7753,223,59,2184,106,26,0,147,negative,doi_song,,,,18:30
TB,29228,2373,152,20176,2120,254,6482,154,42,0,14,negative,chinh_tri_xa_hoi,0,,,3:00
TB,39138,3243,1003,18043,124,75,19935,938,23,0,18,negative,chinh_tri_xa_hoi,29,negative,doi_song,20:30
TB,20122,1041,342,8912,72,43,10341,747,7,0,146,negative,vi_tinh,146,positive,doi_song,12:00
TB,19916,1376,413,12722,550,54,6453,129,8,0,3,positive,chinh_tri_xa_hoi,104,negative,chinh_tri_xa_hoi,19:00
TB,29855,1146,667,15380,96,49,13414,908,8,0,68,negative,doi_song,281,negative,van_hoa,18:30
TB,34274,3367,5222,17394,1463,46,14531,813,12,15,426,negative,doi_song,,,,16:30
TB,18641,797,193,10395,72,25,7465,676,8,0,10,positive,chinh_tri_xa_hoi,51,negative,doi_song,21:00
TB,22652,838,250,12559,71,23,9182,815,2,0,36,negative,chinh_tri_xa_hoi,40,negative,chinh_tri_xa_hoi,18:30
TB,30475,11551,1902,23025,3190,243,3929,82,6,0,87,negative,chinh_tri_xa_hoi,0,,,18:30
TB,13734,793,164,7706,60,22,5593,348,5,0,99,positive,doi_song,301,negative,phap_luat,19:00
TB,21916,968,299,11768,79,34,9371,652,12,0,21,negative,doi_song,248,negative,vi_tinh,20:30
TB,15670,926,195,9005,149,33,6121,357,5,0,96,positive,doi_song,230,positive,doi_song,19:00
TB,6621,2588,190,5030,874,63,637,15,2,0,641,negative,vi_tinh,75,positive,vi_tinh,17:30
TB,4330,203,95,2973,91,11,1232,22,1,0,1155,negative,vi_tinh,81,positive,doi_song,21:30
TB,25666,932,433,12564,69,43,12404,581,5,0,17,negative,chinh_tri_xa_hoi,115,negative,phap_luat,17:30
TB,9733,477,66,5772,43,17,3657,241,3,0,65,negative,vi_tinh,160,negative,the_thao,21:00
TB,14478,903,152,9510,471,30,4368,92,7,0,73,negative,doi_song,49,positive,chinh_tri_xa_hoi,20:00
TB,21041,1614,717,11937,164,46,7789,1101,4,0,22,negative,chinh_tri_xa_hoi,91,negative,chinh_tri_xa_hoi,18:30
TB,12550,2208,164,7679,80,31,4394,363,3,0,117,negative,vi_tinh,204,negative,van_hoa,11:00
TB,15203,652,162,8475,63,29,6226,395,15,0,116,negative,vi_tinh,272,negative,doi_song,21:30
TB,34194,3036,1542,18426,1250,84,14143,263,28,0,26,negative,doi_song,0,,,19:30
TB,9485,535,99,5659,33,23,3555,210,5,0,30,negative,kinh_doanh,519,positive,vi_tinh,18:30
TB,27186,2628,1077,15379,92,34,11003,670,8,0,28,negative,chinh_tri_xa_hoi,64,negative,doi_song,18:00
TB,26695,1201,445,14774,87,38,11071,710,15,0,53,negative,doi_song,182,negative,doi_song,17:30
TB,28911,3171,1175,16956,95,90,9818,1809,143,0,21,negative,chinh_tri_xa_hoi,46,negative,doi_song,17:30
TB,31180,2378,788,16512,119,62,13632,844,11,0,21,negative,vi_tinh,134,negative,doi_song,19:00
TB,2449,238,0,0,0,0,0,0,0,0,680,negative,van_hoa,0,,,22:00
TB,30634,1964,1366,16072,140,59,12530,1824,9,0,22,negative,suc_khoe,150,positive,doi_song,21:30
TB,55156,3366,1092,23766,174,125,29007,2064,20,0,24,positive,chinh_tri_xa_hoi,53,negative,doi_song,20:30
TB,25068,1239,431,13760,281,127,9810,1078,12,0,21,negative,suc_khoe,83,negative,khoa_hoc,18:30
TB,13766,1812,541,7005,35,47,5677,763,239,0,53,negative,doi_song,0,,,20:30
TB,9159,603,105,5772,41,19,3046,277,4,0,45,negative,doi_song,195,negative,doi_song,19:30
TB,19465,1168,256,10544,54,50,8298,505,14,0,21,negative,chinh_tri_xa_hoi,151,negative,chinh_tri_xa_hoi,18:00
TB,17805,995,225,9823,66,42,7095,771,8,0,99,negative,doi_song,250,negative,vi_tinh,18:00
TB,25036,1459,368,13634,78,75,10166,1066,17,0,104,negative,the_gioi,97,negative,chinh_tri_xa_hoi,19:30
TB,12576,706,214,6617,55,21,5120,755,8,0,250,negative,doi_song,37,negative,vi_tinh,21:00
TB,7825,340,67,5493,91,44,2019,176,2,0,50,negative,suc_khoe,234,negative,vi_tinh,19:00
TB,17652,1335,196,10147,54,57,6921,466,7,0,146,negative,chinh_tri_xa_hoi,295,positive,doi_song,11:00
TB,17591,593,179,11227,123,23,5825,388,5,0,251,negative,chinh_tri_xa_hoi,19,negative,the_thao,21:00
TB,7583,1251,123,5604,219,44,1663,51,2,0,1059,negative,vi_tinh,131,negative,vi_tinh,11:00
TB,20765,1309,447,12561,66,43,7475,603,17,0,56,negative,chinh_tri_xa_hoi,346,negative,vi_tinh,18:30
TB,71833,3428,1993,39801,446,209,29996,1370,11,0,20,negative,doi_song,106,negative,doi_song,16:30
TB,44960,1860,1166,23745,223,119,19814,1042,17,0,0,,_,96,negative,doi_song,17:30
TB,21150,1036,324,14027,115,32,6535,424,17,0,37,negative,chinh_tri_xa_hoi,61,negative,vi_tinh,13:30
TB,19712,1401,234,10913,107,40,7741,870,41,0,120,negative,chinh_tri_xa_hoi,112,negative,suc_khoe,19:00
TB,20529,1415,299,11490,84,53,8376,507,19,0,41,negative,doi_song,204,negative,vi_tinh,19:30
TB,41814,2302,1128,19175,164,99,21207,1145,24,0,50,negative,chinh_tri_xa_hoi,215,negative,chinh_tri_xa_hoi,18:30
TB,7968,726,68,6206,456,20,1210,59,17,0,22,positive,doi_song,,,,1:30
TB,29694,1997,912,17163,177,97,11142,1110,5,0,37,negative,doi_song,154,negative,doi_song,21:30
TB,34046,1929,740,18625,495,78,14007,830,11,0,86,negative,vi_tinh,64,positive,doi_song,12:00
TB,12648,767,96,7822,50,19,4530,222,5,0,118,negative,vi_tinh,266,negative,doi_song,21:00
TB,29574,1811,760,17025,73,84,11232,1137,23,0,83,negative,doi_song,241,negative,doi_song,18:30
TB,13103,796,80,8809,305,74,3868,43,4,0,198,negative,vi_tinh,44,positive,vi_tinh,14:30
TB,22428,1642,609,12241,83,30,9638,429,7,0,119,negative,vi_tinh,228,negative,doi_song,21:30
TB,21814,1026,702,14953,100,29,5171,1555,6,0,25,negative,chinh_tri_xa_hoi,46,negative,the_thao,15:30
TB,13577,548,114,8371,53,30,4867,250,6,0,114,negative,vi_tinh,118,negative,chinh_tri_xa_hoi,21:30
TB,14098,867,245,9093,75,29,4032,856,13,0,69,negative,doi_song,0,,,14:30
TB,65652,2851,2496,29374,179,109,33363,2603,24,0,27,negative,van_hoa,108,negative,chinh_tri_xa_hoi,19:30
TB,18079,875,164,10854,69,40,6192,875,49,0,93,negative,doi_song,134,negative,chinh_tri_xa_hoi,18:30
TB,14175,619,117,8630,55,26,5117,342,5,0,68,negative,the_thao,221,negative,the_thao,13:30
TB,11894,556,55,7270,2685,19,1865,42,13,0,108,negative,van_hoa,0,,,15:30
TB,16155,729,144,9715,52,47,5856,475,10,0,56,negative,chinh_tri_xa_hoi,196,negative,doi_song,21:30
TB,34255,2642,1763,20169,130,62,12672,1208,14,0,8,negative,suc_khoe,108,negative,doi_song,19:00
TB,15831,668,294,9337,80,40,5689,670,15,0,142,negative,vi_tinh,233,negative,chinh_tri_xa_hoi,21:30
TB,27685,2000,759,16091,441,79,10904,156,14,0,0,,_,11,negative,chinh_tri_xa_hoi,19:30
TB,47597,4905,2801,22690,654,157,22882,1193,21,0,0,,_,120,negative,doi_song,19:30
TB,15407,1266,244,10364,669,92,4147,127,8,0,107,positive,vi_tinh,3,positive,chinh_tri_xa_hoi,13:30
TB,25618,2487,696,16002,1131,63,8209,157,56,0,21,negative,doi_song,41,negative,vi_tinh,18:30
TB,31016,1909,1102,15569,167,98,13066,2106,10,0,109,negative,vi_tinh,52,positive,vi_tinh,18:30
TB,27340,1848,1587,17875,259,69,7496,1624,17,0,8,negative,chinh_tri_xa_hoi,25,negative,chinh_tri_xa_hoi,17:00
TB,23743,908,217,14630,103,104,8389,512,5,0,63,negative,doi_song,73,negative,chinh_tri_xa_hoi,19:00
TB,27030,1349,328,15308,112,105,9662,1833,10,0,6,positive,chinh_tri_xa_hoi,71,negative,suc_khoe,20:30
TB,38659,1550,654,22531,98,48,14884,1087,11,0,55,negative,doi_song,68,positive,doi_song,19:00
TB,22885,1438,253,13956,148,44,8109,624,4,0,40,negative,chinh_tri_xa_hoi,0,,,17:30
TB,42557,1855,884,19678,121,66,21662,1023,7,0,27,negative,chinh_tri_xa_hoi,126,negative,doi_song,20:30
TB,16791,1006,606,10983,117,42,5247,396,6,0,26,negative,doi_song,10,negative,chinh_tri_xa_hoi,16:30
TB,19918,1192,383,12383,73,47,7058,350,7,0,14,positive,vi_tinh,263,negative,khoa_hoc,19:30
TB,20217,1366,255,11782,120,71,7566,653,25,0,101,negative,vi_tinh,92,negative,doi_song,10:30
TB,39721,2304,1510,23757,2822,93,12854,175,20,0,5,positive,chinh_tri_xa_hoi,35,negative,doi_song,17:30
TB,42154,2344,1854,20137,138,125,20446,1286,22,0,0,,_,69,negative,doi_song,17:30
TB,16139,895,250,9490,106,25,6241,274,3,0,194,negative,doi_song,155,negative,doi_song,22:00
TB,33160,1784,539,19485,245,113,11194,2059,64,0,32,negative,chinh_tri_xa_hoi,10,negative,chinh_tri_xa_hoi,18:30
TB,14266,724,229,8576,73,31,5227,351,8,0,107,negative,chinh_tri_xa_hoi,73,positive,doi_song,11:00
TB,18585,989,454,11115,114,40,6829,481,6,0,5,negative,chinh_tri_xa_hoi,85,negative,doi_song,18:00
TB,14108,487,99,8801,65,28,4761,429,24,0,37,negative,doi_song,0,,,20:30
TB,32371,1322,561,20187,90,65,10648,1349,32,0,37,negative,chinh_tri_xa_hoi,0,,,17:30
TB,25281,1432,556,15632,101,34,8960,547,7,0,26,negative,chinh_tri_xa_hoi,144,positive,doi_song,18:30
KS,806,40,25,533,0,3,264,5,0,1,173,negative,chinh_tri_xa_hoi,,,,17:30
KS,4303,374,25,3631,6,8,4,650,1,3,195,negative,chinh_tri_xa_hoi,0,,,16:30
KS,4333,358,26,3982,7,6,8,121,206,3,1202,negative,phap_luat,258,negative,chinh_tri_xa_hoi,15:30
KS,6390,347,38,6153,12,7,11,183,19,5,3447,negative,phap_luat,75,negative,chinh_tri_xa_hoi,14:30
KS,3631,636,137,2990,17,3,602,8,0,11,263,negative,doi_song,495,negative,chinh_tri_xa_hoi,13:30
KS,1166,76,29,697,2,0,455,7,0,5,202,negative,doi_song,,,,12:30
KS,3928,149,20,3717,11,4,189,5,0,2,3887,negative,phap_luat,22,negative,vi_tinh,11:30
KS,22177,2368,136,16356,38,22,5384,341,4,32,1159,negative,doi_song,80,negative,doi_song,10:30
KS,4311,2252,156,3878,5,18,333,66,7,4,1272,negative,phap_luat,67,negative,vi_tinh,10:00
KS,1762,300,95,1126,2,70,545,11,2,6,147,negative,doi_song,,,,9:30
KS,8691,335,113,6512,52,7,2067,13,0,40,270,negative,doi_song,0,,,8:30
KS,6822,170,56,5980,535,2,9,107,0,189,987,negative,doi_song,0,,,7:30
KS,8174,731,75,7341,19,24,561,199,23,7,175,negative,chinh_tri_xa_hoi,0,,,1:30
KS,14566,1472,204,12056,16,17,19,1383,1068,7,167,negative,phap_luat,165,negative,chinh_tri_xa_hoi,1:30
KS,2490,411,9,2312,17,3,149,4,1,4,125,negative,vi_tinh,687,negative,phap_luat,0:30
KS,1283,206,69,721,4,2,545,8,0,3,290,negative,chinh_tri_xa_hoi,,,,0:30
KS,2833,307,81,1753,4,2,1055,11,1,7,115,negative,doi_song,0,,,23:30
KS,5305,1068,111,2705,10,13,2038,90,435,14,2211,negative,doi_song,0,,,21:30
KS,8681,273,14,8348,259,10,27,2,0,35,924,negative,doi_song,0,,,21:00
KS,6192,111,34,5372,629,1,4,32,0,154,896,negative,doi_song,14,positive,chinh_tri_xa_hoi,20:30
KS,11689,576,79,9645,34,29,1577,379,0,25,102,negative,van_hoa,0,,,18:30
KS,2319,312,54,1025,1,4,1236,47,0,6,201,negative,doi_song,,,,18:00
KS,4741,243,30,4020,8,3,677,23,0,10,1315,negative,phap_luat,89,negative,the_thao,17:00
KS,17969,3746,280,14308,73,30,3372,138,1,47,434,negative,doi_song,0,,,16:00
KS,23811,875,104,18897,45,120,12,4714,3,20,168,negative,doi_song,0,,,15:00
KS,1657,592,143,1022,5,12,564,50,1,3,123,positive,chinh_tri_xa_hoi,,,,14:30
KS,7148,296,32,6786,33,20,271,25,4,9,2657,negative,phap_luat,88,negative,phap_luat,13:30
KS,5318,284,11,3832,14,10,1352,100,4,6,2052,negative,the_gioi,62,positive,the_gioi,12:30
KS,1728,524,90,948,5,10,713,43,0,9,104,negative,doi_song,,,,11:30
KS,5827,123,17,3992,7,6,1731,83,1,7,75,negative,chinh_tri_xa_hoi,0,,,10:30
KS,8403,771,135,6587,43,29,1716,7,0,21,462,negative,doi_song,0,,,10:00
KS,7574,1351,40,5192,13,17,2276,52,5,19,238,negative,van_hoa,8,positive,the_thao,9:30
KS,2216,194,74,1718,7,102,379,5,1,4,153,negative,doi_song,,,,8:30
KS,3762,113,2,3092,10,5,648,4,0,3,2345,negative,chinh_tri_xa_hoi,0,,,7:30
KS,5866,640,31,4647,12,19,1110,65,3,10,207,negative,chinh_tri_xa_hoi,0,,,1:30
KS,12547,3939,1011,10857,583,75,903,22,0,107,325,negative,doi_song,0,,,23:00
KS,2648,249,30,2519,18,6,86,13,0,6,1097,negative,phap_luat,146,negative,chinh_tri_xa_hoi,21:30
KS,518,94,2,459,7,2,42,4,1,3,473,negative,chinh_tri_xa_hoi,,,,20:00
KS,24832,285,145,22604,1179,860,57,21,1,110,360,negative,van_hoa,0,,,18:30
KS,1732,103,28,1514,47,10,152,2,0,7,125,negative,vi_tinh,,,,18:00
KS,8266,1314,147,7797,19,125,293,20,1,11,1950,negative,phap_luat,88,negative,vi_tinh,16:30
KS,3606,429,30,2907,10,9,592,75,2,11,909,negative,chinh_tri_xa_hoi,0,,,16:30
KS,8030,292,16,7399,16,10,452,139,5,9,1289,negative,kinh_doanh,52,negative,chinh_tri_xa_hoi,15:00
KS,8011,70,12,7636,291,4,21,2,0,57,2554,negative,chinh_tri_xa_hoi,60,negative,vi_tinh,14:30
KS,1313,68,8,863,2,3,382,60,0,3,144,negative,doi_song,,,,13:30
KS,17499,3674,134,14697,34,32,2611,96,2,27,1415,negative,doi_song,0,,,12:30
KS,11180,412,77,10439,12,74,11,637,2,5,1010,negative,chinh_tri_xa_hoi,50,negative,chinh_tri_xa_hoi,11:00
KS,21883,1640,339,19952,61,26,208,903,720,13,1404,negative,chinh_tri_xa_hoi,115,negative,chinh_tri_xa_hoi,10:30
KS,4140,543,191,1712,10,7,2313,89,1,8,161,negative,doi_song,,,,9:30
KS,22965,2060,424,15186,34,27,7318,350,4,46,387,negative,doi_song,13,positive,chinh_tri_xa_hoi,8:30
KS,3937,607,49,2623,5,43,1016,235,4,11,1276,negative,the_gioi,79,negative,phap_luat,7:30
KS,1015,88,18,775,5,2,222,1,0,10,207,positive,doi_song,,,,1:30
KS,1528,89,8,1450,2,14,10,51,0,1,564,negative,chinh_tri_xa_hoi,0,,,23:30
KS,22544,3376,889,15303,155,97,6432,439,9,109,540,negative,doi_song,0,,,22:30
KS,4153,331,57,3780,220,76,27,22,2,26,2221,negative,chinh_tri_xa_hoi,0,,,21:30
KS,3475,550,16,3446,12,1,12,2,0,2,522,negative,vi_tinh,,,,19:30
KS,5007,92,34,4591,307,4,4,1,0,100,8275,negative,doi_song,0,,,19:30
KS,1003,55,19,635,1,0,363,2,0,2,185,negative,vi_tinh,,,,18:30
KS,5857,26,5,5523,149,2,4,137,0,42,1686,positive,suc_khoe,131,positive,chinh_tri_xa_hoi,17:30
KS,2028,117,18,1402,4,4,596,17,1,4,157,negative,doi_song,523,positive,vi_tinh,16:30
KS,8835,279,10,8099,19,6,686,11,1,13,1382,negative,the_gioi,50,negative,the_gioi,15:30
KS,17433,187,113,14783,2136,11,25,28,0,450,199,negative,van_hoa,0,,,14:00
KS,34780,641,612,24194,7254,11,49,670,0,2602,2832,negative,doi_song,49,negative,chinh_tri_xa_hoi,13:00
KS,8229,117,38,7796,366,20,9,0,1,37,3169,negative,chinh_tri_xa_hoi,137,negative,chinh_tri_xa_hoi,12:30
KS,2691,553,152,1256,2,4,1352,69,0,8,122,negative,van_hoa,,,,11:30
KS,7365,502,123,5677,8,22,1406,243,0,9,1101,negative,suc_khoe,86,negative,van_hoa,10:30
KS,9789,316,27,8922,28,166,617,40,0,16,1473,negative,the_gioi,75,negative,suc_khoe,9:30
KS,7854,466,51,6438,9,49,1197,135,7,19,1279,negative,phap_luat,90,negative,vi_tinh,8:30
KS,2997,283,65,1596,9,4,1360,19,0,9,104,negative,doi_song,,,,8:00
KS,2055,142,19,1559,3,1,445,45,0,2,232,negative,chinh_tri_xa_hoi,83,negative,chinh_tri_xa_hoi,7:00
KS,4563,474,47,4105,5,9,351,83,6,4,215,negative,chinh_tri_xa_hoi,13,negative,doi_song,2:00
KS,41673,689,484,34049,3962,12,14,3179,5,452,927,negative,doi_song,0,,,1:00
KS,1978,467,29,1679,9,38,151,91,5,5,146,negative,doi_song,0,,,23:30
KS,29751,7079,1512,25177,2414,38,1716,107,24,275,4115,negative,suc_khoe,83,negative,doi_song,22:30
KS,7616,241,9,7327,241,6,20,0,0,22,1408,negative,the_thao,83,negative,the_thao,21:30
KS,6073,782,378,2722,10,13,3214,89,1,24,118,negative,the_thao,,,,20:00
KS,77291,2206,783,58506,2922,41,36,15456,11,319,2266,negative,chinh_tri_xa_hoi,54,negative,chinh_tri_xa_hoi,19:30
KS,5460,428,15,5242,31,6,162,10,5,4,2540,negative,chinh_tri_xa_hoi,61,negative,kinh_doanh,18:30
KS,6158,284,39,4416,29,3,1668,20,0,22,228,negative,doi_song,0,,,17:30
KS,1712,79,13,1343,21,109,225,1,0,13,139,negative,doi_song,,,,16:30
KS,4664,410,75,4596,8,8,6,34,3,9,4243,negative,suc_khoe,185,negative,suc_khoe,15:30
KS,4729,674,50,4162,15,23,443,70,10,6,1141,negative,phap_luat,79,negative,doi_song,15:00
KS,68802,3423,1411,47765,311,54,24,20520,46,82,2670,negative,doi_song,50,negative,chinh_tri_xa_hoi,14:30
KS,815,78,23,531,4,1,249,24,3,3,115,negative,chinh_tri_xa_hoi,,,,13:00
KS,9199,136,21,8939,17,55,35,145,1,7,1346,negative,suc_khoe,70,negative,chinh_tri_xa_hoi,11:30
KS,5330,449,33,4222,13,8,1037,43,1,6,282,negative,doi_song,0,,,11:30
KS,6531,402,20,6109,12,32,35,332,2,9,1485,negative,suc_khoe,75,negative,suc_khoe,10:30
KS,11455,1511,596,8839,759,29,1637,12,8,171,1019,negative,doi_song,,,,9:30
KS,9272,424,82,8060,16,141,13,1023,4,15,715,negative,chinh_tri_xa_hoi,0,,,8:30
KS,7071,471,61,3398,15,8,3480,153,0,17,220,negative,doi_song,0,,,7:30
KS,1122,64,6,979,5,4,122,6,4,2,1110,negative,chinh_tri_xa_hoi,0,,,23:30
KS,2921,465,28,2114,51,31,700,7,1,17,119,negative,doi_song,0,,,21:30
KS,4369,659,60,3039,8,13,980,311,4,14,188,negative,doi_song,0,,,21:00
KS,1666,63,28,1047,3,2,565,46,0,3,81,negative,suc_khoe,,,,20:00
KS,31414,1596,1464,23429,6031,19,41,74,1,1819,794,negative,doi_song,0,,,18:30
KS,4536,1480,48,3182,12,15,1295,17,2,13,180,negative,doi_song,0,,,18:30
KS,3221,259,71,1485,6,8,1649,63,1,9,129,negative,doi_song,,,,17:30
KS,5198,238,26,4984,22,4,177,3,3,5,2154,negative,chinh_tri_xa_hoi,59,negative,chinh_tri_xa_hoi,16:30
KS,16879,7591,608,13147,74,25,3535,43,2,53,151,positive,doi_song,0,,,15:30
KS,7895,188,45,7703,12,17,6,144,2,11,2295,negative,suc_khoe,59,negative,suc_khoe,15:00
KS,1615,104,55,1189,11,14,393,7,0,1,71,negative,doi_song,,,,14:00
KS,7802,151,9,7275,13,20,377,36,67,14,1648,negative,phap_luat,65,negative,chinh_tri_xa_hoi,11:30
KS,14547,635,144,13108,14,35,30,259,1090,11,2068,negative,chinh_tri_xa_hoi,63,negative,chinh_tri_xa_hoi,10:30
KS,5342,524,214,3269,13,14,2018,11,0,17,119,negative,chinh_tri_xa_hoi,,,,10:30
KS,46983,3852,685,40171,199,302,5092,1033,10,176,1665,negative,van_hoa,98,negative,van_hoa,9:30
KS,9975,400,119,6140,12,16,3370,405,3,29,73,negative,vi_tinh,265,positive,vi_tinh,8:30
KS,15431,594,117,12233,38,17,3069,50,0,24,2194,negative,doi_song,6,positive,chinh_tri_xa_hoi,7:30
KS,11234,2534,225,7181,24,11,3952,48,2,16,68,negative,vi_tinh,84,positive,vi_tinh,22:30
KS,4256,600,87,2936,111,7,1110,44,0,48,81,negative,vi_tinh,,,,21:30
KS,10987,580,36,9370,28,15,1480,70,3,21,96,negative,vi_tinh,0,,,19:30
KS,10713,363,46,10160,53,34,419,13,7,27,4533,negative,phap_luat,66,negative,chinh_tri_xa_hoi,18:30
KS,14231,417,65,12675,28,47,1378,72,19,12,1982,negative,phap_luat,91,negative,phap_luat,18:00
KS,7374,675,262,3952,14,14,3352,27,0,15,66,negative,chinh_tri_xa_hoi,,,,17:30
KS,22042,344,66,21077,766,10,70,1,3,115,2284,negative,chinh_tri_xa_hoi,94,negative,vi_tinh,16:30
KS,4236,597,118,3837,16,6,214,150,3,10,98,negative,chinh_tri_xa_hoi,45,negative,suc_khoe,15:30
KS,14710,368,57,13739,21,28,20,218,674,10,2331,negative,phap_luat,87,negative,suc_khoe,14:30
KS,6212,707,172,3647,8,7,2431,107,1,11,85,negative,vi_tinh,,,,13:30
KS,24241,2801,241,18315,45,36,5399,376,4,66,522,negative,doi_song,0,,,12:00
KS,21335,870,152,15914,417,18,4712,71,3,200,453,negative,doi_song,24,negative,chinh_tri_xa_hoi,11:00
KS,63194,948,733,49754,10822,50,38,27,4,2499,7638,negative,doi_song,0,,,10:30
KS,3254,243,63,2489,139,1,587,5,0,33,231,negative,doi_song,,,,9:30
KS,8484,107,42,7940,215,3,269,2,0,55,2350,negative,doi_song,49,positive,chinh_tri_xa_hoi,8:30
KS,9764,942,159,5898,16,9,3746,63,0,32,128,negative,doi_song,31,positive,chinh_tri_xa_hoi,7:30
KS,13288,169,32,12623,509,25,55,4,0,72,2320,negative,the_gioi,62,negative,vi_tinh,0:00
KS,7189,2544,589,5049,16,252,1677,178,4,13,95,negative,chinh_tri_xa_hoi,,,,23:00
KS,10728,2347,225,7165,27,16,3419,66,1,34,104,negative,vi_tinh,0,,,22:00
KS,16218,1346,252,11295,30,19,4343,486,12,33,1231,negative,doi_song,344,negative,doi_song,21:00
KS,9196,253,25,8752,69,4,315,31,2,23,344,negative,the_thao,0,,,20:00
KS,13039,476,38,12450,39,76,438,21,2,13,1154,negative,vi_tinh,68,negative,vi_tinh,19:00
KS,26651,2362,2667,16483,100,22,9615,353,8,70,107,negative,doi_song,,,,17:00
KS,80163,5062,1699,69465,7042,78,2248,224,19,1087,502,negative,doi_song,0,,,16:30
KS,16293,1263,166,13574,278,15,2316,9,0,101,644,negative,doi_song,0,,,14:30
KS,24799,1114,444,23671,821,190,30,4,1,82,807,negative,van_hoa,0,,,13:30
KS,3133,169,46,2040,16,1,1023,43,0,10,74,negative,doi_song,,,,12:30
KS,8340,349,64,8219,32,10,55,16,3,5,1577,negative,chinh_tri_xa_hoi,235,negative,chinh_tri_xa_hoi,11:30
KS,17633,893,84,15221,31,31,2213,75,32,30,1430,negative,phap_luat,58,negative,chinh_tri_xa_hoi,11:00
KS,14176,1195,140,11973,37,56,2036,39,0,35,2061,negative,the_thao,82,negative,chinh_tri_xa_hoi,10:30
KS,2612,190,112,1672,5,2,911,14,0,8,122,negative,vi_tinh,,,,9:30
KS,48138,2531,925,42622,4182,15,154,28,1,1136,1083,negative,doi_song,0,,,8:30
KS,28117,326,298,21547,5072,7,23,114,0,1354,954,negative,doi_song,0,,,7:30
KS,7792,460,74,7384,2,75,13,311,0,7,155,negative,chinh_tri_xa_hoi,0,,,0:30
KS,3826,97,11,3669,3,10,121,15,1,7,962,negative,phap_luat,71,negative,phap_luat,23:30
KS,4434,306,230,4259,126,1,25,6,0,17,2978,negative,doi_song,0,,,22:30
KS,38298,11957,654,35202,537,223,1525,665,7,139,4803,negative,chinh_tri_xa_hoi,84,positive,chinh_tri_xa_hoi,22:00
KS,3307,74,89,2844,335,5,12,1,0,110,271,negative,chinh_tri_xa_hoi,,,,20:30
KS,5289,82,14,5114,9,2,160,2,1,1,262,negative,doi_song,,,,19:30
KS,62003,633,579,49314,2717,144,56,9456,6,310,1537,negative,the_thao,220,negative,chinh_tri_xa_hoi,19:30
KS,14507,458,529,12933,1161,5,41,16,0,351,224,positive,doi_song,0,,,18:00
KS,12092,253,50,10971,693,5,296,2,0,125,1411,negative,doi_song,0,,,17:00
KS,5449,942,272,4015,104,337,937,11,0,45,113,negative,chinh_tri_xa_hoi,,,,16:30
KS,11248,1974,237,9654,29,63,1445,29,0,28,2388,negative,doi_song,46,negative,chinh_tri_xa_hoi,15:00
KS,15486,823,82,14656,33,29,450,293,11,14,1380,negative,chinh_tri_xa_hoi,72,negative,chinh_tri_xa_hoi,14:30
KS,4088,651,165,2497,14,1,1527,32,1,16,196,negative,doi_song,,,,13:30
KS,31809,3412,577,30318,52,199,35,1170,7,28,1140,negative,suc_khoe,63,negative,suc_khoe,12:30
KS,1460,40,3,1422,18,3,5,1,1,10,680,negative,vi_tinh,14,positive,chinh_tri_xa_hoi,11:30
KS,10195,116,28,9933,131,9,59,24,5,34,1354,negative,chinh_tri_xa_hoi,72,negative,chinh_tri_xa_hoi,10:30
KS,11095,288,85,10678,19,28,12,298,50,10,1519,negative,chinh_tri_xa_hoi,76,negative,chinh_tri_xa_hoi,9:30
KS,17513,5521,1324,13630,113,69,3492,111,20,78,144,negative,chinh_tri_xa_hoi,,,,9:00
KS,20233,623,131,13627,55,75,6315,91,1,69,102,negative,doi_song,0,,,8:30
KS,12750,1234,235,9400,24,28,3027,222,6,43,193,negative,the_thao,2,negative,chinh_tri_xa_hoi,7:30
KS,12710,509,135,11853,14,36,18,226,561,2,1456,negative,chinh_tri_xa_hoi,77,negative,chinh_tri_xa_hoi,0:00
KS,4761,634,391,3089,19,2,1557,71,0,23,154,negative,chinh_tri_xa_hoi,,,,23:30
KS,13432,436,40,12400,18,18,15,375,596,10,1330,negative,phap_luat,87,negative,phap_luat,22:30
KS,10688,2202,443,9506,30,88,1002,35,7,20,2511,negative,kinh_doanh,0,,,22:00
KS,72630,4887,3042,60153,9571,27,262,72,0,2545,844,negative,doi_song,0,,,20:30
KS,6077,3375,483,5228,80,33,586,30,4,116,129,positive,suc_khoe,,,,19:30
KS,5939,147,22,5237,15,2,594,78,0,13,52,negative,doi_song,29,negative,doi_song,18:30
KS,10141,294,70,6835,12,13,3008,252,2,19,50,positive,vi_tinh,136,negative,doi_song,18:00
KS,11913,712,172,11251,22,50,169,325,89,7,3139,negative,chinh_tri_xa_hoi,91,negative,chinh_tri_xa_hoi,16:30
KS,14302,882,916,9372,242,29,4401,159,9,90,164,negative,van_hoa,,,,15:00
KS,42625,7823,1334,36340,106,101,1207,576,4255,40,2361,negative,chinh_tri_xa_hoi,239,negative,chinh_tri_xa_hoi,14:00
KS,15432,351,63,13293,24,24,1851,217,3,20,1327,negative,phap_luat,121,negative,chinh_tri_xa_hoi,13:30
KS,15001,470,87,14184,46,28,677,36,16,14,2279,negative,phap_luat,95,negative,phap_luat,12:30
KS,14709,588,94,13423,21,38,729,434,45,19,1785,negative,vi_tinh,54,negative,vi_tinh,11:30
KS,12106,489,174,9215,46,48,2560,192,19,26,130,negative,the_thao,,,,10:30
KS,31042,2048,685,19323,59,26,10993,534,5,102,42,negative,doi_song,193,positive,doi_song,9:30
KS,15401,560,118,14880,27,47,247,141,50,9,2094,negative,kinh_doanh,54,negative,suc_khoe,9:00
KS,17093,3247,630,12151,64,32,3914,813,74,45,153,positive,doi_song,,,,8:00
KS,35719,4897,457,33785,1561,64,95,18,3,193,90,negative,van_hoa,0,,,7:30
KS,6436,753,51,5760,20,5,439,187,2,23,94,negative,chinh_tri_xa_hoi,,,,0:30
KS,5122,163,8,4577,9,12,459,57,1,7,2660,negative,phap_luat,62,negative,doi_song,23:30
KS,8783,926,56,7888,26,12,835,12,3,7,270,negative,phap_luat,6,positive,doi_song,22:00
KS,7210,879,821,6428,352,14,370,7,2,37,214,negative,doi_song,,,,19:30
KS,1143,80,15,1004,11,1,122,1,0,4,312,positive,doi_song,,,,18:30
KS,9251,264,53,5984,10,36,2955,244,3,19,99,negative,doi_song,0,,,18:30
KS,16816,1026,107,13470,139,16,2617,420,68,86,167,negative,chinh_tri_xa_hoi,0,,,17:30
KS,57003,15725,866,38725,286,132,16694,909,33,224,123,negative,doi_song,0,,,16:30
KS,5287,292,73,2626,9,21,2606,17,0,8,196,negative,chinh_tri_xa_hoi,,,,15:30
KS,44203,351,233,34233,7525,21,17,1481,1,925,287,negative,chinh_tri_xa_hoi,18,positive,vi_tinh,14:30
KS,49728,2680,747,35558,8702,17,110,3954,0,1387,1763,negative,doi_song,0,,,13:00
KS,9405,719,59,8471,24,40,660,183,9,18,864,negative,phap_luat,136,negative,phap_luat,12:30
KS,3565,506,142,2548,28,26,926,21,0,16,130,negative,doi_song,,,,11:30
KS,28669,6460,1185,26657,42,644,88,1164,63,11,1323,negative,suc_khoe,58,positive,chinh_tri_xa_hoi,10:30
KS,7370,308,30,6097,13,13,1197,36,3,11,1310,negative,phap_luat,69,negative,phap_luat,9:30
KS,7479,193,23,6195,16,14,1198,39,2,15,1734,negative,phap_luat,150,negative,phap_luat,8:00
KS,12226,1541,467,5909,29,12,6113,112,0,51,137,negative,van_hoa,,,,7:30
KS,4640,33,4,4411,198,3,2,8,0,18,3423,negative,chinh_tri_xa_hoi,94,negative,chinh_tri_xa_hoi,23:30
KS,5685,299,25,5570,49,12,30,2,0,22,683,negative,kinh_doanh,141,negative,chinh_tri_xa_hoi,22:30
KS,22811,717,326,18763,3151,7,86,13,0,791,1572,negative,doi_song,0,,,20:30
KS,3735,344,133,2290,3,11,1350,67,1,13,57,negative,vi_tinh,,,,19:30
KS,7670,237,85,5752,10,5,1783,113,1,6,82,negative,van_hoa,146,negative,chinh_tri_xa_hoi,18:30
KS,11852,4462,512,10038,211,60,1430,16,4,93,89,positive,chinh_tri_xa_hoi,0,,,17:00
KS,9507,436,119,6754,350,9,2260,6,0,128,538,negative,doi_song,0,,,16:00
KS,1800,154,59,1171,5,1,584,36,0,3,178,negative,suc_khoe,,,,15:00
KS,35362,1970,352,25979,47,46,8769,467,2,52,1552,negative,doi_song,89,negative,doi_song,13:30
KS,9421,140,17,8562,9,8,800,26,8,8,1197,negative,phap_luat,71,negative,chinh_tri_xa_hoi,12:30
KS,7559,601,38,5166,11,15,2304,38,2,23,120,positive,doi_song,0,,,11:30
KS,5053,334,153,3333,110,7,1534,29,2,38,167,negative,van_hoa,,,,10:30
KS,23520,565,143,21965,35,128,847,519,4,22,2663,negative,the_gioi,75,negative,suc_khoe,9:30
KS,62793,1315,841,47811,12735,17,34,5,5,2186,547,negative,chinh_tri_xa_hoi,0,,,9:00
KS,22416,983,220,19593,239,45,693,1745,3,98,781,negative,doi_song,0,,,7:30
KS,45437,464,511,33960,9554,2,51,2,2,1866,223,negative,doi_song,0,,,7:30
KS,4623,620,173,2051,5,9,2434,109,0,15,34,negative,vi_tinh,,,,22:30
KS,6588,581,33,6188,133,18,213,4,1,31,1024,negative,chinh_tri_xa_hoi,79,negative,chinh_tri_xa_hoi,21:30
KS,27989,3493,473,23507,54,1008,3242,103,27,48,3240,negative,phap_luat,134,positive,phap_luat,20:00
KS,17262,1190,107,12229,27,39,5,4937,15,10,203,negative,chinh_tri_xa_hoi,0,,,19:00
KS,10932,131,22,10569,20,23,11,298,3,8,2212,negative,suc_khoe,149,negative,chinh_tri_xa_hoi,18:30
KS,12856,1529,1548,8476,2766,4,1075,6,1,528,172,negative,doi_song,,,,17:30
KS,36755,23326,3971,29466,226,37,6724,150,3,149,142,negative,doi_song,0,,,16:30
KS,10330,603,61,5997,12,22,4072,201,4,22,113,negative,van_hoa,0,,,15:30
KS,5792,67,19,4936,6,10,796,35,0,9,1724,negative,the_thao,76,positive,the_thao,14:30
KS,8820,1894,79,6361,15,4,2363,51,2,24,156,negative,doi_song,0,,,13:30
KS,10531,671,368,8057,730,4,1536,17,0,187,97,negative,chinh_tri_xa_hoi,,,,12:30
KS,28452,6534,232,26726,19,557,41,1099,0,10,173,negative,phap_luat,0,,,11:30
KS,13258,396,66,12875,16,30,86,234,3,14,1513,negative,the_gioi,52,negative,chinh_tri_xa_hoi,10:30
KS,14174,505,76,10310,409,6,3302,11,0,136,423,negative,doi_song,0,,,10:00
KS,4724,535,458,2735,31,7,1915,16,0,20,106,negative,doi_song,,,,9:00
KS,32551,4141,813,26024,42,282,3922,2183,34,64,950,negative,the_gioi,69,negative,doi_song,8:00
KS,8286,372,51,6640,16,11,1404,191,2,22,2466,negative,chinh_tri_xa_hoi,68,negative,chinh_tri_xa_hoi,7:30
KS,21664,694,233,14988,95,33,6344,110,0,94,39,negative,vi_tinh,715,negative,chinh_tri_xa_hoi,0:00
KS,8705,1304,255,4132,15,6,4275,259,0,18,145,negative,doi_song,,,,23:00
KS,13515,2179,280,11596,15,62,417,191,1219,15,2253,negative,phap_luat,54,negative,phap_luat,21:30
KS,6128,204,15,5328,10,5,763,13,1,8,1004,negative,phap_luat,88,negative,chinh_tri_xa_hoi,20:30
KS,26817,990,885,19098,5489,8,38,345,1,1838,191,negative,chinh_tri_xa_hoi,,,,19:00
KS,18159,2678,203,14677,30,89,2831,506,0,26,156,positive,doi_song,10,negative,chinh_tri_xa_hoi,17:30
KS,10330,956,119,9557,10,48,624,71,3,17,1231,negative,phap_luat,77,negative,phap_luat,16:30
KS,17652,5236,731,12757,146,90,3305,1244,25,85,74,positive,doi_song,,,,15:30
KS,7183,212,23,6815,3,43,6,308,0,8,171,negative,chinh_tri_xa_hoi,0,,,14:30
KS,3846,122,66,2192,2,0,1557,86,0,9,160,negative,doi_song,,,,13:30
KS,10029,166,83,8488,1175,2,16,7,0,341,747,negative,doi_song,0,,,13:00
KS,15415,684,45,13680,13,29,86,253,1341,13,1913,negative,phap_luat,88,negative,chinh_tri_xa_hoi,11:30
KS,17022,1048,95,14479,19,98,706,383,1322,15,1151,negative,chinh_tri_xa_hoi,70,negative,chinh_tri_xa_hoi,10:30
KS,5373,703,275,4439,295,29,529,8,1,72,129,negative,van_hoa,,,,9:30
KS,43495,1594,360,32210,1846,27,8690,7,2,713,258,negative,doi_song,0,,,8:30
KS,5218,185,30,4603,12,26,550,20,1,6,2064,negative,phap_luat,0,,,7:30
KS,4419,538,39,4158,11,76,23,142,4,5,335,negative,chinh_tri_xa_hoi,0,,,0:30
KS,2615,420,60,1484,12,8,976,114,15,6,105,positive,chinh_tri_xa_hoi,,,,23:30
KS,29712,593,226,26894,1572,972,57,17,1,199,2470,negative,suc_khoe,76,negative,chinh_tri_xa_hoi,21:30
KS,23017,2377,340,14659,42,37,7663,512,38,66,96,negative,doi_song,0,,,19:30
KS,3517,308,37,2373,21,20,1055,21,1,26,141,negative,doi_song,,,,18:30
